ISS001-E-5411,-31.8,-53.9,http://eol.jsc.nasa.gov/sseop/images/ESC/small/ISS001/ISS001-E-5411.JPG,http://eol.jsc.nasa.gov/sseop/images/ESC/large/ISS001/ISS001-E-5411.JPG
ISS001-E-5412,-29.7,-51.5,http://eol.jsc.nasa.gov/sseop/images/ESC/small/ISS001/ISS001-E-5412.JPG,http://eol.jsc.nasa.gov/sseop/images/ESC/large/ISS001/ISS001-E-5412.JPG
ISS001-E-5413,-29.5,-51.3,http://eol.jsc.nasa.gov/sseop/images/ESC/small/ISS001/ISS001-E-5413.JPG,http://eol.jsc.nasa.gov/sseop/images/ESC/large/ISS001/ISS001-E-5413.JPG
ISS001-E-5414,-28.8,-50.6,http://eol.jsc.nasa.gov/sseop/images/ESC/small/ISS001/ISS001-E-5414.JPG,http://eol.jsc.nasa.gov/sseop/images/ESC/large/ISS001/ISS001-E-5414.JPG
ISS001-E-5415,-18.5,-41.1,http://eol.jsc.nasa.gov/sseop/images/ESC/small/ISS001/ISS001-E-5415.JPG,http://eol.jsc.nasa.gov/sseop/images/ESC/large/ISS001/ISS001-E-5415.JPG
ISS001-E-5416,-17.7,-40.4,http://eol.jsc.nasa.gov/sseop/images/ESC/small/ISS001/ISS001-E-5416.JPG,http://eol.jsc.nasa.gov/sseop/images/ESC/large/ISS001/ISS001-E-5416.JPG
ISS001-E-5417,-17.3,-40.1,http://eol.jsc.nasa.gov/sseop/images/ESC/small/ISS001/ISS001-E-5417.JPG,http://eol.jsc.nasa.gov/sseop/images/ESC/large/ISS001/ISS001-E-5417.JPG
ISS001-E-5418,-16.4,-39.4,http://eol.jsc.nasa.gov/sseop/images/ESC/small/ISS001/ISS001-E-5418.JPG,http://eol.jsc.nasa.gov/sseop/images/ESC/large/ISS001/ISS001-E-5418.JPG
ISS001-E-5419,-15.6,-38.7,http://eol.jsc.nasa.gov/sseop/images/ESC/small/ISS001/ISS001-E-5419.JPG,http://eol.jsc.nasa.gov/sseop/images/ESC/large/ISS001/ISS001-E-5419.JPG
ISS001-E-5420,-12.9,-36.7,http://eol.jsc.nasa.gov/sseop/images/ESC/small/ISS001/ISS001-E-5420.JPG,http://eol.jsc.nasa.gov/sseop/images/ESC/large/ISS001/ISS001-E-5420.JPG
ISS001-E-5421,-10.2,-34.7,http://eol.jsc.nasa.gov/sseop/images/ESC/small/ISS001/ISS001-E-5421.JPG,http://eol.jsc.nasa.gov/sseop/images/ESC/large/ISS001/ISS001-E-5421.JPG
ISS001-E-5471,-18.2,149.7,http://eol.jsc.nasa.gov/sseop/images/ESC/small/ISS001/ISS001-E-5471.JPG,http://eol.jsc.nasa.gov/sseop/images/ESC/large/ISS001/ISS001-E-5471.JPG
ISS001-E-5473,-17.8,-68.7,http://eol.jsc.nasa.gov/sseop/images/ESC/small/ISS001/ISS001-E-5473.JPG,http://eol.jsc.nasa.gov/sseop/images/ESC/large/ISS001/ISS001-E-5473.JPG
ISS001-E-5474,-13.5,-65.3,http://eol.jsc.nasa.gov/sseop/images/ESC/small/ISS001/ISS001-E-5474.JPG,http://eol.jsc.nasa.gov/sseop/images/ESC/large/ISS001/ISS001-E-5474.JPG
ISS001-E-5475,-7.2,-60.7,http://eol.jsc.nasa.gov/sseop/images/ESC/small/ISS001/ISS001-E-5475.JPG,http://eol.jsc.nasa.gov/sseop/images/ESC/large/ISS001/ISS001-E-5475.JPG
ISS001-E-5476,-6.9,-60.5,http://eol.jsc.nasa.gov/sseop/images/ESC/small/ISS001/ISS001-E-5476.JPG,http://eol.jsc.nasa.gov/sseop/images/ESC/large/ISS001/ISS001-E-5476.JPG
ISS001-E-5477,-5.9,-59.7,http://eol.jsc.nasa.gov/sseop/images/ESC/small/ISS001/ISS001-E-5477.JPG,http://eol.jsc.nasa.gov/sseop/images/ESC/large/ISS001/ISS001-E-5477.JPG
ISS001-E-5478,0.5,-55.2,http://eol.jsc.nasa.gov/sseop/images/ESC/small/ISS001/ISS001-E-5478.JPG,http://eol.jsc.nasa.gov/sseop/images/ESC/large/ISS001/ISS001-E-5478.JPG
ISS001-E-5500,49.7,42.8,http://eol.jsc.nasa.gov/sseop/images/ESC/small/ISS001/ISS001-E-5500.JPG,http://eol.jsc.nasa.gov/sseop/images/ESC/large/ISS001/ISS001-E-5500.JPG
ISS001-E-5501,50.0,44.4,http://eol.jsc.nasa.gov/sseop/images/ESC/small/ISS001/ISS001-E-5501.JPG,http://eol.jsc.nasa.gov/sseop/images/ESC/large/ISS001/ISS001-E-5501.JPG
ISS001-E-5502,50.1,44.9,http://eol.jsc.nasa.gov/sseop/images/ESC/small/ISS001/ISS001-E-5502.JPG,http://eol.jsc.nasa.gov/sseop/images/ESC/large/ISS001/ISS001-E-5502.JPG
ISS001-E-5503,50.2,45.5,http://eol.jsc.nasa.gov/sseop/images/ESC/small/ISS001/ISS001-E-5503.JPG,http://eol.jsc.nasa.gov/sseop/images/ESC/large/ISS001/ISS001-E-5503.JPG
ISS001-E-5504,50.5,47.3,http://eol.jsc.nasa.gov/sseop/images/ESC/small/ISS001/ISS001-E-5504.JPG,http://eol.jsc.nasa.gov/sseop/images/ESC/large/ISS001/ISS001-E-5504.JPG
ISS001-E-5505,50.9,50.2,http://eol.jsc.nasa.gov/sseop/images/ESC/small/ISS001/ISS001-E-5505.JPG,http://eol.jsc.nasa.gov/sseop/images/ESC/large/ISS001/ISS001-E-5505.JPG
ISS001-E-5506,51.2,52.9,http://eol.jsc.nasa.gov/sseop/images/ESC/small/ISS001/ISS001-E-5506.JPG,http://eol.jsc.nasa.gov/sseop/images/ESC/large/ISS001/ISS001-E-5506.JPG
ISS001-E-5507,49.0,16.5,http://eol.jsc.nasa.gov/sseop/images/ESC/small/ISS001/ISS001-E-5507.JPG,http://eol.jsc.nasa.gov/sseop/images/ESC/large/ISS001/ISS001-E-5507.JPG
ISS001-E-5508,46.4,-62.7,http://eol.jsc.nasa.gov/sseop/images/ESC/small/ISS001/ISS001-E-5508.JPG,http://eol.jsc.nasa.gov/sseop/images/ESC/large/ISS001/ISS001-E-5508.JPG
ISS001-E-5509,30.6,36.3,http://eol.jsc.nasa.gov/sseop/images/ESC/small/ISS001/ISS001-E-5509.JPG,http://eol.jsc.nasa.gov/sseop/images/ESC/large/ISS001/ISS001-E-5509.JPG
ISS001-E-5510,31.3,37.1,http://eol.jsc.nasa.gov/sseop/images/ESC/small/ISS001/ISS001-E-5510.JPG,http://eol.jsc.nasa.gov/sseop/images/ESC/large/ISS001/ISS001-E-5510.JPG
ISS001-E-5512,35.0,41.7,http://eol.jsc.nasa.gov/sseop/images/ESC/small/ISS001/ISS001-E-5512.JPG,http://eol.jsc.nasa.gov/sseop/images/ESC/large/ISS001/ISS001-E-5512.JPG
ISS001-E-5513,36.1,43.1,http://eol.jsc.nasa.gov/sseop/images/ESC/small/ISS001/ISS001-E-5513.JPG,http://eol.jsc.nasa.gov/sseop/images/ESC/large/ISS001/ISS001-E-5513.JPG
ISS001-E-5517,48.3,22.0,http://eol.jsc.nasa.gov/sseop/images/ESC/small/ISS001/ISS001-E-5517.JPG,http://eol.jsc.nasa.gov/sseop/images/ESC/large/ISS001/ISS001-E-5517.JPG
ISS001-E-5518,48.6,23.2,http://eol.jsc.nasa.gov/sseop/images/ESC/small/ISS001/ISS001-E-5518.JPG,http://eol.jsc.nasa.gov/sseop/images/ESC/large/ISS001/ISS001-E-5518.JPG
ISS001-E-5519,50.5,32.7,http://eol.jsc.nasa.gov/sseop/images/ESC/small/ISS001/ISS001-E-5519.JPG,http://eol.jsc.nasa.gov/sseop/images/ESC/large/ISS001/ISS001-E-5519.JPG
ISS001-E-5524,28.7,-2.8,http://eol.jsc.nasa.gov/sseop/images/ESC/small/ISS001/ISS001-E-5524.JPG,http://eol.jsc.nasa.gov/sseop/images/ESC/large/ISS001/ISS001-E-5524.JPG
ISS001-E-5525,29.1,-2.5,http://eol.jsc.nasa.gov/sseop/images/ESC/small/ISS001/ISS001-E-5525.JPG,http://eol.jsc.nasa.gov/sseop/images/ESC/large/ISS001/ISS001-E-5525.JPG
ISS001-E-5531,51.3,25.0,http://eol.jsc.nasa.gov/sseop/images/ESC/small/ISS001/ISS001-E-5531.JPG,http://eol.jsc.nasa.gov/sseop/images/ESC/large/ISS001/ISS001-E-5531.JPG
ISS001-E-5532,51.5,27.0,http://eol.jsc.nasa.gov/sseop/images/ESC/small/ISS001/ISS001-E-5532.JPG,http://eol.jsc.nasa.gov/sseop/images/ESC/large/ISS001/ISS001-E-5532.JPG
ISS001-E-5533,51.6,28.8,http://eol.jsc.nasa.gov/sseop/images/ESC/small/ISS001/ISS001-E-5533.JPG,http://eol.jsc.nasa.gov/sseop/images/ESC/large/ISS001/ISS001-E-5533.JPG
ISS001-E-5534,51.6,29.4,http://eol.jsc.nasa.gov/sseop/images/ESC/small/ISS001/ISS001-E-5534.JPG,http://eol.jsc.nasa.gov/sseop/images/ESC/large/ISS001/ISS001-E-5534.JPG
ISS001-E-5543,50.7,99.5,http://eol.jsc.nasa.gov/sseop/images/ESC/small/ISS001/ISS001-E-5543.JPG,http://eol.jsc.nasa.gov/sseop/images/ESC/large/ISS001/ISS001-E-5543.JPG
ISS001-E-5544,22.0,23.6,http://eol.jsc.nasa.gov/sseop/images/ESC/small/ISS001/ISS001-E-5544.JPG,http://eol.jsc.nasa.gov/sseop/images/ESC/large/ISS001/ISS001-E-5544.JPG
ISS001-E-5545,30.6,32.0,http://eol.jsc.nasa.gov/sseop/images/ESC/small/ISS001/ISS001-E-5545.JPG,http://eol.jsc.nasa.gov/sseop/images/ESC/large/ISS001/ISS001-E-5545.JPG
ISS001-E-5546,30.8,32.2,http://eol.jsc.nasa.gov/sseop/images/ESC/small/ISS001/ISS001-E-5546.JPG,http://eol.jsc.nasa.gov/sseop/images/ESC/large/ISS001/ISS001-E-5546.JPG
ISS001-E-5574,43.0,41.5,http://eol.jsc.nasa.gov/sseop/images/ESC/small/ISS001/ISS001-E-5574.JPG,http://eol.jsc.nasa.gov/sseop/images/ESC/large/ISS001/ISS001-E-5574.JPG
ISS001-E-5575,42.9,41.7,http://eol.jsc.nasa.gov/sseop/images/ESC/small/ISS001/ISS001-E-5575.JPG,http://eol.jsc.nasa.gov/sseop/images/ESC/large/ISS001/ISS001-E-5575.JPG
ISS001-E-5576,42.3,42.8,http://eol.jsc.nasa.gov/sseop/images/ESC/small/ISS001/ISS001-E-5576.JPG,http://eol.jsc.nasa.gov/sseop/images/ESC/large/ISS001/ISS001-E-5576.JPG
ISS001-E-5577,43.5,40.4,http://eol.jsc.nasa.gov/sseop/images/ESC/small/ISS001/ISS001-E-5577.JPG,http://eol.jsc.nasa.gov/sseop/images/ESC/large/ISS001/ISS001-E-5577.JPG
ISS001-E-5578,28.1,62.5,http://eol.jsc.nasa.gov/sseop/images/ESC/small/ISS001/ISS001-E-5578.JPG,http://eol.jsc.nasa.gov/sseop/images/ESC/large/ISS001/ISS001-E-5578.JPG
ISS001-E-5579,38.2,50.0,http://eol.jsc.nasa.gov/sseop/images/ESC/small/ISS001/ISS001-E-5579.JPG,http://eol.jsc.nasa.gov/sseop/images/ESC/large/ISS001/ISS001-E-5579.JPG
ISS001-E-5595,41.4,-2.1,http://eol.jsc.nasa.gov/sseop/images/ESC/small/ISS001/ISS001-E-5595.JPG,http://eol.jsc.nasa.gov/sseop/images/ESC/large/ISS001/ISS001-E-5595.JPG
ISS001-E-5596,40.9,-1.2,http://eol.jsc.nasa.gov/sseop/images/ESC/small/ISS001/ISS001-E-5596.JPG,http://eol.jsc.nasa.gov/sseop/images/ESC/large/ISS001/ISS001-E-5596.JPG
ISS001-E-5597,40.6,-0.6,http://eol.jsc.nasa.gov/sseop/images/ESC/small/ISS001/ISS001-E-5597.JPG,http://eol.jsc.nasa.gov/sseop/images/ESC/large/ISS001/ISS001-E-5597.JPG
ISS001-E-5610,23.7,100.0,http://eol.jsc.nasa.gov/sseop/images/ESC/small/ISS001/ISS001-E-5610.JPG,http://eol.jsc.nasa.gov/sseop/images/ESC/large/ISS001/ISS001-E-5610.JPG
ISS001-E-5639,49.2,33.2,http://eol.jsc.nasa.gov/sseop/images/ESC/small/ISS001/ISS001-E-5639.JPG,http://eol.jsc.nasa.gov/sseop/images/ESC/large/ISS001/ISS001-E-5639.JPG
ISS001-E-5699,19.9,165.8,http://eol.jsc.nasa.gov/sseop/images/ESC/small/ISS001/ISS001-E-5699.JPG,http://eol.jsc.nasa.gov/sseop/images/ESC/large/ISS001/ISS001-E-5699.JPG
ISS001-E-5705,40.0,30.7,http://eol.jsc.nasa.gov/sseop/images/ESC/small/ISS001/ISS001-E-5705.JPG,http://eol.jsc.nasa.gov/sseop/images/ESC/large/ISS001/ISS001-E-5705.JPG
ISS001-E-5706,39.5,31.4,http://eol.jsc.nasa.gov/sseop/images/ESC/small/ISS001/ISS001-E-5706.JPG,http://eol.jsc.nasa.gov/sseop/images/ESC/large/ISS001/ISS001-E-5706.JPG
ISS001-E-5707,38.2,33.5,http://eol.jsc.nasa.gov/sseop/images/ESC/small/ISS001/ISS001-E-5707.JPG,http://eol.jsc.nasa.gov/sseop/images/ESC/large/ISS001/ISS001-E-5707.JPG
ISS001-E-5708,30.2,43.8,http://eol.jsc.nasa.gov/sseop/images/ESC/small/ISS001/ISS001-E-5708.JPG,http://eol.jsc.nasa.gov/sseop/images/ESC/large/ISS001/ISS001-E-5708.JPG
ISS001-E-5713,8.7,-77.6,http://eol.jsc.nasa.gov/sseop/images/ESC/small/ISS001/ISS001-E-5713.JPG,http://eol.jsc.nasa.gov/sseop/images/ESC/large/ISS001/ISS001-E-5713.JPG
ISS001-E-5714,8.4,-77.4,http://eol.jsc.nasa.gov/sseop/images/ESC/small/ISS001/ISS001-E-5714.JPG,http://eol.jsc.nasa.gov/sseop/images/ESC/large/ISS001/ISS001-E-5714.JPG
ISS001-E-5715,8.1,-77.2,http://eol.jsc.nasa.gov/sseop/images/ESC/small/ISS001/ISS001-E-5715.JPG,http://eol.jsc.nasa.gov/sseop/images/ESC/large/ISS001/ISS001-E-5715.JPG
ISS001-E-5718,43.3,34.5,http://eol.jsc.nasa.gov/sseop/images/ESC/small/ISS001/ISS001-E-5718.JPG,http://eol.jsc.nasa.gov/sseop/images/ESC/large/ISS001/ISS001-E-5718.JPG
ISS001-E-5719,50.8,8.7,http://eol.jsc.nasa.gov/sseop/images/ESC/small/ISS001/ISS001-E-5719.JPG,http://eol.jsc.nasa.gov/sseop/images/ESC/large/ISS001/ISS001-E-5719.JPG
ISS001-E-5720,48.5,20.3,http://eol.jsc.nasa.gov/sseop/images/ESC/small/ISS001/ISS001-E-5720.JPG,http://eol.jsc.nasa.gov/sseop/images/ESC/large/ISS001/ISS001-E-5720.JPG
ISS001-E-5721,46.4,27.1,http://eol.jsc.nasa.gov/sseop/images/ESC/small/ISS001/ISS001-E-5721.JPG,http://eol.jsc.nasa.gov/sseop/images/ESC/large/ISS001/ISS001-E-5721.JPG
ISS001-E-5746,51.0,43.6,http://eol.jsc.nasa.gov/sseop/images/ESC/small/ISS001/ISS001-E-5746.JPG,http://eol.jsc.nasa.gov/sseop/images/ESC/large/ISS001/ISS001-E-5746.JPG
ISS001-E-5747,38.7,32.7,http://eol.jsc.nasa.gov/sseop/images/ESC/small/ISS001/ISS001-E-5747.JPG,http://eol.jsc.nasa.gov/sseop/images/ESC/large/ISS001/ISS001-E-5747.JPG
ISS001-E-5748,33.5,39.9,http://eol.jsc.nasa.gov/sseop/images/ESC/small/ISS001/ISS001-E-5748.JPG,http://eol.jsc.nasa.gov/sseop/images/ESC/large/ISS001/ISS001-E-5748.JPG
ISS001-E-5749,50.9,21.2,http://eol.jsc.nasa.gov/sseop/images/ESC/small/ISS001/ISS001-E-5749.JPG,http://eol.jsc.nasa.gov/sseop/images/ESC/large/ISS001/ISS001-E-5749.JPG
ISS001-E-5750,50.7,22.4,http://eol.jsc.nasa.gov/sseop/images/ESC/small/ISS001/ISS001-E-5750.JPG,http://eol.jsc.nasa.gov/sseop/images/ESC/large/ISS001/ISS001-E-5750.JPG
ISS001-E-5751,50.2,25.6,http://eol.jsc.nasa.gov/sseop/images/ESC/small/ISS001/ISS001-E-5751.JPG,http://eol.jsc.nasa.gov/sseop/images/ESC/large/ISS001/ISS001-E-5751.JPG
ISS001-E-5752,50.0,26.6,http://eol.jsc.nasa.gov/sseop/images/ESC/small/ISS001/ISS001-E-5752.JPG,http://eol.jsc.nasa.gov/sseop/images/ESC/large/ISS001/ISS001-E-5752.JPG
ISS001-E-5753,49.1,30.9,http://eol.jsc.nasa.gov/sseop/images/ESC/small/ISS001/ISS001-E-5753.JPG,http://eol.jsc.nasa.gov/sseop/images/ESC/large/ISS001/ISS001-E-5753.JPG
ISS001-E-5754,25.9,39.2,http://eol.jsc.nasa.gov/sseop/images/ESC/small/ISS001/ISS001-E-5754.JPG,http://eol.jsc.nasa.gov/sseop/images/ESC/large/ISS001/ISS001-E-5754.JPG
ISS001-E-5755,21.4,43.3,http://eol.jsc.nasa.gov/sseop/images/ESC/small/ISS001/ISS001-E-5755.JPG,http://eol.jsc.nasa.gov/sseop/images/ESC/large/ISS001/ISS001-E-5755.JPG
ISS001-E-5756,25.7,39.4,http://eol.jsc.nasa.gov/sseop/images/ESC/small/ISS001/ISS001-E-5756.JPG,http://eol.jsc.nasa.gov/sseop/images/ESC/large/ISS001/ISS001-E-5756.JPG
ISS001-E-5759,17.7,23.1,http://eol.jsc.nasa.gov/sseop/images/ESC/small/ISS001/ISS001-E-5759.JPG,http://eol.jsc.nasa.gov/sseop/images/ESC/large/ISS001/ISS001-E-5759.JPG
ISS001-E-5760,5.1,32.6,http://eol.jsc.nasa.gov/sseop/images/ESC/small/ISS001/ISS001-E-5760.JPG,http://eol.jsc.nasa.gov/sseop/images/ESC/large/ISS001/ISS001-E-5760.JPG
ISS001-E-5761,0.0,36.2,http://eol.jsc.nasa.gov/sseop/images/ESC/small/ISS001/ISS001-E-5761.JPG,http://eol.jsc.nasa.gov/sseop/images/ESC/large/ISS001/ISS001-E-5761.JPG
ISS001-E-5762,-4.2,39.3,http://eol.jsc.nasa.gov/sseop/images/ESC/small/ISS001/ISS001-E-5762.JPG,http://eol.jsc.nasa.gov/sseop/images/ESC/large/ISS001/ISS001-E-5762.JPG
ISS001-E-5763,11.9,48.1,http://eol.jsc.nasa.gov/sseop/images/ESC/small/ISS001/ISS001-E-5763.JPG,http://eol.jsc.nasa.gov/sseop/images/ESC/large/ISS001/ISS001-E-5763.JPG
ISS001-E-5764,9.4,50.0,http://eol.jsc.nasa.gov/sseop/images/ESC/small/ISS001/ISS001-E-5764.JPG,http://eol.jsc.nasa.gov/sseop/images/ESC/large/ISS001/ISS001-E-5764.JPG
ISS001-E-5765,0.9,32.8,http://eol.jsc.nasa.gov/sseop/images/ESC/small/ISS001/ISS001-E-5765.JPG,http://eol.jsc.nasa.gov/sseop/images/ESC/large/ISS001/ISS001-E-5765.JPG
ISS001-E-5775,33.0,31.6,http://eol.jsc.nasa.gov/sseop/images/ESC/small/ISS001/ISS001-E-5775.JPG,http://eol.jsc.nasa.gov/sseop/images/ESC/large/ISS001/ISS001-E-5775.JPG
ISS001-E-5776,31.9,33.0,http://eol.jsc.nasa.gov/sseop/images/ESC/small/ISS001/ISS001-E-5776.JPG,http://eol.jsc.nasa.gov/sseop/images/ESC/large/ISS001/ISS001-E-5776.JPG
ISS001-E-5777,27.2,37.9,http://eol.jsc.nasa.gov/sseop/images/ESC/small/ISS001/ISS001-E-5777.JPG,http://eol.jsc.nasa.gov/sseop/images/ESC/large/ISS001/ISS001-E-5777.JPG
ISS001-E-5778,24.8,40.3,http://eol.jsc.nasa.gov/sseop/images/ESC/small/ISS001/ISS001-E-5778.JPG,http://eol.jsc.nasa.gov/sseop/images/ESC/large/ISS001/ISS001-E-5778.JPG
ISS001-E-5779,23.8,41.2,http://eol.jsc.nasa.gov/sseop/images/ESC/small/ISS001/ISS001-E-5779.JPG,http://eol.jsc.nasa.gov/sseop/images/ESC/large/ISS001/ISS001-E-5779.JPG
ISS001-E-5780,12.3,50.7,http://eol.jsc.nasa.gov/sseop/images/ESC/small/ISS001/ISS001-E-5780.JPG,http://eol.jsc.nasa.gov/sseop/images/ESC/large/ISS001/ISS001-E-5780.JPG
ISS001-E-5790,10.2,4.2,http://eol.jsc.nasa.gov/sseop/images/ESC/small/ISS001/ISS001-E-5790.JPG,http://eol.jsc.nasa.gov/sseop/images/ESC/large/ISS001/ISS001-E-5790.JPG
ISS001-E-5815,-12.4,174.2,http://eol.jsc.nasa.gov/sseop/images/ESC/small/ISS001/ISS001-E-5815.JPG,http://eol.jsc.nasa.gov/sseop/images/ESC/large/ISS001/ISS001-E-5815.JPG
ISS001-E-5816,-12.8,174.5,http://eol.jsc.nasa.gov/sseop/images/ESC/small/ISS001/ISS001-E-5816.JPG,http://eol.jsc.nasa.gov/sseop/images/ESC/large/ISS001/ISS001-E-5816.JPG
ISS001-E-5817,-13.9,175.3,http://eol.jsc.nasa.gov/sseop/images/ESC/small/ISS001/ISS001-E-5817.JPG,http://eol.jsc.nasa.gov/sseop/images/ESC/large/ISS001/ISS001-E-5817.JPG
ISS001-E-5818,-15.2,176.3,http://eol.jsc.nasa.gov/sseop/images/ESC/small/ISS001/ISS001-E-5818.JPG,http://eol.jsc.nasa.gov/sseop/images/ESC/large/ISS001/ISS001-E-5818.JPG
ISS001-E-5820,-17.0,177.8,http://eol.jsc.nasa.gov/sseop/images/ESC/small/ISS001/ISS001-E-5820.JPG,http://eol.jsc.nasa.gov/sseop/images/ESC/large/ISS001/ISS001-E-5820.JPG
ISS001-E-5831,-11.8,34.2,http://eol.jsc.nasa.gov/sseop/images/ESC/small/ISS001/ISS001-E-5831.JPG,http://eol.jsc.nasa.gov/sseop/images/ESC/large/ISS001/ISS001-E-5831.JPG
ISS001-E-5832,-51.6,-67.9,http://eol.jsc.nasa.gov/sseop/images/ESC/small/ISS001/ISS001-E-5832.JPG,http://eol.jsc.nasa.gov/sseop/images/ESC/large/ISS001/ISS001-E-5832.JPG
ISS001-E-5833,-51.5,-95.4,http://eol.jsc.nasa.gov/sseop/images/ESC/small/ISS001/ISS001-E-5833.JPG,http://eol.jsc.nasa.gov/sseop/images/ESC/large/ISS001/ISS001-E-5833.JPG
ISS001-E-5850,-35.5,-140.2,http://eol.jsc.nasa.gov/sseop/images/ESC/small/ISS001/ISS001-E-5850.JPG,http://eol.jsc.nasa.gov/sseop/images/ESC/large/ISS001/ISS001-E-5850.JPG
ISS001-E-5851,-36.6,-138.7,http://eol.jsc.nasa.gov/sseop/images/ESC/small/ISS001/ISS001-E-5851.JPG,http://eol.jsc.nasa.gov/sseop/images/ESC/large/ISS001/ISS001-E-5851.JPG
ISS001-E-5852,-39.0,-135.1,http://eol.jsc.nasa.gov/sseop/images/ESC/small/ISS001/ISS001-E-5852.JPG,http://eol.jsc.nasa.gov/sseop/images/ESC/large/ISS001/ISS001-E-5852.JPG
ISS001-E-5853,-45.3,-122.5,http://eol.jsc.nasa.gov/sseop/images/ESC/small/ISS001/ISS001-E-5853.JPG,http://eol.jsc.nasa.gov/sseop/images/ESC/large/ISS001/ISS001-E-5853.JPG
ISS001-E-5854,-46.7,-118.8,http://eol.jsc.nasa.gov/sseop/images/ESC/small/ISS001/ISS001-E-5854.JPG,http://eol.jsc.nasa.gov/sseop/images/ESC/large/ISS001/ISS001-E-5854.JPG
ISS001-E-5855,-49.4,-108.9,http://eol.jsc.nasa.gov/sseop/images/ESC/small/ISS001/ISS001-E-5855.JPG,http://eol.jsc.nasa.gov/sseop/images/ESC/large/ISS001/ISS001-E-5855.JPG
ISS001-E-5856,-50.6,-102.7,http://eol.jsc.nasa.gov/sseop/images/ESC/small/ISS001/ISS001-E-5856.JPG,http://eol.jsc.nasa.gov/sseop/images/ESC/large/ISS001/ISS001-E-5856.JPG
ISS001-E-5857,-51.7,-88.9,http://eol.jsc.nasa.gov/sseop/images/ESC/small/ISS001/ISS001-E-5857.JPG,http://eol.jsc.nasa.gov/sseop/images/ESC/large/ISS001/ISS001-E-5857.JPG
ISS001-E-5875,-46.6,-27.0,http://eol.jsc.nasa.gov/sseop/images/ESC/small/ISS001/ISS001-E-5875.JPG,http://eol.jsc.nasa.gov/sseop/images/ESC/large/ISS001/ISS001-E-5875.JPG
ISS001-E-5895,-28.9,-68.0,http://eol.jsc.nasa.gov/sseop/images/ESC/small/ISS001/ISS001-E-5895.JPG,http://eol.jsc.nasa.gov/sseop/images/ESC/large/ISS001/ISS001-E-5895.JPG
ISS001-E-5896,-30.1,-66.6,http://eol.jsc.nasa.gov/sseop/images/ESC/small/ISS001/ISS001-E-5896.JPG,http://eol.jsc.nasa.gov/sseop/images/ESC/large/ISS001/ISS001-E-5896.JPG
ISS001-E-5897,-48.8,48.8,http://eol.jsc.nasa.gov/sseop/images/ESC/small/ISS001/ISS001-E-5897.JPG,http://eol.jsc.nasa.gov/sseop/images/ESC/large/ISS001/ISS001-E-5897.JPG
ISS001-E-5898,-49.1,49.9,http://eol.jsc.nasa.gov/sseop/images/ESC/small/ISS001/ISS001-E-5898.JPG,http://eol.jsc.nasa.gov/sseop/images/ESC/large/ISS001/ISS001-E-5898.JPG
ISS001-E-5899,-49.3,50.7,http://eol.jsc.nasa.gov/sseop/images/ESC/small/ISS001/ISS001-E-5899.JPG,http://eol.jsc.nasa.gov/sseop/images/ESC/large/ISS001/ISS001-E-5899.JPG
ISS001-E-5900,-49.6,52.3,http://eol.jsc.nasa.gov/sseop/images/ESC/small/ISS001/ISS001-E-5900.JPG,http://eol.jsc.nasa.gov/sseop/images/ESC/large/ISS001/ISS001-E-5900.JPG
ISS001-E-5901,-49.8,53.1,http://eol.jsc.nasa.gov/sseop/images/ESC/small/ISS001/ISS001-E-5901.JPG,http://eol.jsc.nasa.gov/sseop/images/ESC/large/ISS001/ISS001-E-5901.JPG
ISS001-E-5902,14.5,-91.6,http://eol.jsc.nasa.gov/sseop/images/ESC/small/ISS001/ISS001-E-5902.JPG,http://eol.jsc.nasa.gov/sseop/images/ESC/large/ISS001/ISS001-E-5902.JPG
ISS001-E-5903,13.8,-91.0,http://eol.jsc.nasa.gov/sseop/images/ESC/small/ISS001/ISS001-E-5903.JPG,http://eol.jsc.nasa.gov/sseop/images/ESC/large/ISS001/ISS001-E-5903.JPG
ISS001-E-5933,-27.7,171.7,http://eol.jsc.nasa.gov/sseop/images/ESC/small/ISS001/ISS001-E-5933.JPG,http://eol.jsc.nasa.gov/sseop/images/ESC/large/ISS001/ISS001-E-5933.JPG
ISS001-E-5934,-6.0,153.8,http://eol.jsc.nasa.gov/sseop/images/ESC/small/ISS001/ISS001-E-5934.JPG,http://eol.jsc.nasa.gov/sseop/images/ESC/large/ISS001/ISS001-E-5934.JPG
ISS001-E-5935,-6.8,154.4,http://eol.jsc.nasa.gov/sseop/images/ESC/small/ISS001/ISS001-E-5935.JPG,http://eol.jsc.nasa.gov/sseop/images/ESC/large/ISS001/ISS001-E-5935.JPG
ISS001-E-5936,-36.1,-178.3,http://eol.jsc.nasa.gov/sseop/images/ESC/small/ISS001/ISS001-E-5936.JPG,http://eol.jsc.nasa.gov/sseop/images/ESC/large/ISS001/ISS001-E-5936.JPG
ISS001-E-5937,-39.8,-172.8,http://eol.jsc.nasa.gov/sseop/images/ESC/small/ISS001/ISS001-E-5937.JPG,http://eol.jsc.nasa.gov/sseop/images/ESC/large/ISS001/ISS001-E-5937.JPG
ISS001-E-5938,34.8,58.1,http://eol.jsc.nasa.gov/sseop/images/ESC/small/ISS001/ISS001-E-5938.JPG,http://eol.jsc.nasa.gov/sseop/images/ESC/large/ISS001/ISS001-E-5938.JPG
ISS001-E-5939,35.0,58.3,http://eol.jsc.nasa.gov/sseop/images/ESC/small/ISS001/ISS001-E-5939.JPG,http://eol.jsc.nasa.gov/sseop/images/ESC/large/ISS001/ISS001-E-5939.JPG
ISS001-E-5944,47.2,21.0,http://eol.jsc.nasa.gov/sseop/images/ESC/small/ISS001/ISS001-E-5944.JPG,http://eol.jsc.nasa.gov/sseop/images/ESC/large/ISS001/ISS001-E-5944.JPG
ISS001-E-5945,47.4,21.5,http://eol.jsc.nasa.gov/sseop/images/ESC/small/ISS001/ISS001-E-5945.JPG,http://eol.jsc.nasa.gov/sseop/images/ESC/large/ISS001/ISS001-E-5945.JPG
ISS001-E-5946,48.6,25.8,http://eol.jsc.nasa.gov/sseop/images/ESC/small/ISS001/ISS001-E-5946.JPG,http://eol.jsc.nasa.gov/sseop/images/ESC/large/ISS001/ISS001-E-5946.JPG
ISS001-E-5947,-7.8,141.0,http://eol.jsc.nasa.gov/sseop/images/ESC/small/ISS001/ISS001-E-5947.JPG,http://eol.jsc.nasa.gov/sseop/images/ESC/large/ISS001/ISS001-E-5947.JPG
ISS001-E-5948,-48.7,171.5,http://eol.jsc.nasa.gov/sseop/images/ESC/small/ISS001/ISS001-E-5948.JPG,http://eol.jsc.nasa.gov/sseop/images/ESC/large/ISS001/ISS001-E-5948.JPG
ISS001-E-5949,-48.9,172.1,http://eol.jsc.nasa.gov/sseop/images/ESC/small/ISS001/ISS001-E-5949.JPG,http://eol.jsc.nasa.gov/sseop/images/ESC/large/ISS001/ISS001-E-5949.JPG
ISS001-E-5950,-49.1,172.8,http://eol.jsc.nasa.gov/sseop/images/ESC/small/ISS001/ISS001-E-5950.JPG,http://eol.jsc.nasa.gov/sseop/images/ESC/large/ISS001/ISS001-E-5950.JPG
ISS001-E-5952,51.7,4.3,http://eol.jsc.nasa.gov/sseop/images/ESC/small/ISS001/ISS001-E-5952.JPG,http://eol.jsc.nasa.gov/sseop/images/ESC/large/ISS001/ISS001-E-5952.JPG
ISS001-E-5953,51.7,4.7,http://eol.jsc.nasa.gov/sseop/images/ESC/small/ISS001/ISS001-E-5953.JPG,http://eol.jsc.nasa.gov/sseop/images/ESC/large/ISS001/ISS001-E-5953.JPG
ISS001-E-5954,51.7,5.8,http://eol.jsc.nasa.gov/sseop/images/ESC/small/ISS001/ISS001-E-5954.JPG,http://eol.jsc.nasa.gov/sseop/images/ESC/large/ISS001/ISS001-E-5954.JPG
ISS001-E-5955,51.7,6.5,http://eol.jsc.nasa.gov/sseop/images/ESC/small/ISS001/ISS001-E-5955.JPG,http://eol.jsc.nasa.gov/sseop/images/ESC/large/ISS001/ISS001-E-5955.JPG
ISS001-E-5957,51.1,-170.7,http://eol.jsc.nasa.gov/sseop/images/ESC/small/ISS001/ISS001-E-5957.JPG,http://eol.jsc.nasa.gov/sseop/images/ESC/large/ISS001/ISS001-E-5957.JPG
ISS001-E-5958,51.1,-170.2,http://eol.jsc.nasa.gov/sseop/images/ESC/small/ISS001/ISS001-E-5958.JPG,http://eol.jsc.nasa.gov/sseop/images/ESC/large/ISS001/ISS001-E-5958.JPG
ISS001-E-5959,51.2,-169.7,http://eol.jsc.nasa.gov/sseop/images/ESC/small/ISS001/ISS001-E-5959.JPG,http://eol.jsc.nasa.gov/sseop/images/ESC/large/ISS001/ISS001-E-5959.JPG
ISS001-E-5960,51.3,-168.7,http://eol.jsc.nasa.gov/sseop/images/ESC/small/ISS001/ISS001-E-5960.JPG,http://eol.jsc.nasa.gov/sseop/images/ESC/large/ISS001/ISS001-E-5960.JPG
ISS001-E-5961,51.4,-167.8,http://eol.jsc.nasa.gov/sseop/images/ESC/small/ISS001/ISS001-E-5961.JPG,http://eol.jsc.nasa.gov/sseop/images/ESC/large/ISS001/ISS001-E-5961.JPG
ISS001-E-5962,51.5,-166.2,http://eol.jsc.nasa.gov/sseop/images/ESC/small/ISS001/ISS001-E-5962.JPG,http://eol.jsc.nasa.gov/sseop/images/ESC/large/ISS001/ISS001-E-5962.JPG
ISS001-E-5963,50.9,167.3,http://eol.jsc.nasa.gov/sseop/images/ESC/small/ISS001/ISS001-E-5963.JPG,http://eol.jsc.nasa.gov/sseop/images/ESC/large/ISS001/ISS001-E-5963.JPG
ISS001-E-5964,50.8,168.4,http://eol.jsc.nasa.gov/sseop/images/ESC/small/ISS001/ISS001-E-5964.JPG,http://eol.jsc.nasa.gov/sseop/images/ESC/large/ISS001/ISS001-E-5964.JPG
ISS001-E-5965,50.7,169.2,http://eol.jsc.nasa.gov/sseop/images/ESC/small/ISS001/ISS001-E-5965.JPG,http://eol.jsc.nasa.gov/sseop/images/ESC/large/ISS001/ISS001-E-5965.JPG
ISS001-E-5966,50.3,171.8,http://eol.jsc.nasa.gov/sseop/images/ESC/small/ISS001/ISS001-E-5966.JPG,http://eol.jsc.nasa.gov/sseop/images/ESC/large/ISS001/ISS001-E-5966.JPG
ISS001-E-5967,50.0,173.3,http://eol.jsc.nasa.gov/sseop/images/ESC/small/ISS001/ISS001-E-5967.JPG,http://eol.jsc.nasa.gov/sseop/images/ESC/large/ISS001/ISS001-E-5967.JPG
ISS001-E-5968,22.3,40.5,http://eol.jsc.nasa.gov/sseop/images/ESC/small/ISS001/ISS001-E-5968.JPG,http://eol.jsc.nasa.gov/sseop/images/ESC/large/ISS001/ISS001-E-5968.JPG
ISS001-E-5969,22.7,40.8,http://eol.jsc.nasa.gov/sseop/images/ESC/small/ISS001/ISS001-E-5969.JPG,http://eol.jsc.nasa.gov/sseop/images/ESC/large/ISS001/ISS001-E-5969.JPG
ISS001-E-5970,23.5,41.5,http://eol.jsc.nasa.gov/sseop/images/ESC/small/ISS001/ISS001-E-5970.JPG,http://eol.jsc.nasa.gov/sseop/images/ESC/large/ISS001/ISS001-E-5970.JPG
ISS001-E-5971,23.8,41.8,http://eol.jsc.nasa.gov/sseop/images/ESC/small/ISS001/ISS001-E-5971.JPG,http://eol.jsc.nasa.gov/sseop/images/ESC/large/ISS001/ISS001-E-5971.JPG
ISS001-E-5975,-51.7,-87.2,http://eol.jsc.nasa.gov/sseop/images/ESC/small/ISS001/ISS001-E-5975.JPG,http://eol.jsc.nasa.gov/sseop/images/ESC/large/ISS001/ISS001-E-5975.JPG
ISS001-E-5976,-51.5,-79.8,http://eol.jsc.nasa.gov/sseop/images/ESC/small/ISS001/ISS001-E-5976.JPG,http://eol.jsc.nasa.gov/sseop/images/ESC/large/ISS001/ISS001-E-5976.JPG
ISS001-E-5977,49.9,39.5,http://eol.jsc.nasa.gov/sseop/images/ESC/small/ISS001/ISS001-E-5977.JPG,http://eol.jsc.nasa.gov/sseop/images/ESC/large/ISS001/ISS001-E-5977.JPG
ISS001-E-5978,50.0,40.0,http://eol.jsc.nasa.gov/sseop/images/ESC/small/ISS001/ISS001-E-5978.JPG,http://eol.jsc.nasa.gov/sseop/images/ESC/large/ISS001/ISS001-E-5978.JPG
ISS001-E-5979,46.9,28.2,http://eol.jsc.nasa.gov/sseop/images/ESC/small/ISS001/ISS001-E-5979.JPG,http://eol.jsc.nasa.gov/sseop/images/ESC/large/ISS001/ISS001-E-5979.JPG
ISS001-E-5981,31.1,33.9,http://eol.jsc.nasa.gov/sseop/images/ESC/small/ISS001/ISS001-E-5981.JPG,http://eol.jsc.nasa.gov/sseop/images/ESC/large/ISS001/ISS001-E-5981.JPG
ISS001-E-5982,31.9,34.8,http://eol.jsc.nasa.gov/sseop/images/ESC/small/ISS001/ISS001-E-5982.JPG,http://eol.jsc.nasa.gov/sseop/images/ESC/large/ISS001/ISS001-E-5982.JPG
ISS001-E-5983,32.6,35.7,http://eol.jsc.nasa.gov/sseop/images/ESC/small/ISS001/ISS001-E-5983.JPG,http://eol.jsc.nasa.gov/sseop/images/ESC/large/ISS001/ISS001-E-5983.JPG
ISS001-E-5984,33.3,36.5,http://eol.jsc.nasa.gov/sseop/images/ESC/small/ISS001/ISS001-E-5984.JPG,http://eol.jsc.nasa.gov/sseop/images/ESC/large/ISS001/ISS001-E-5984.JPG
ISS001-E-5988,51.6,16.9,http://eol.jsc.nasa.gov/sseop/images/ESC/small/ISS001/ISS001-E-5988.JPG,http://eol.jsc.nasa.gov/sseop/images/ESC/large/ISS001/ISS001-E-5988.JPG
ISS001-E-5989,49.6,1.4,http://eol.jsc.nasa.gov/sseop/images/ESC/small/ISS001/ISS001-E-5989.JPG,http://eol.jsc.nasa.gov/sseop/images/ESC/large/ISS001/ISS001-E-5989.JPG
ISS001-E-5990,50.1,3.9,http://eol.jsc.nasa.gov/sseop/images/ESC/small/ISS001/ISS001-E-5990.JPG,http://eol.jsc.nasa.gov/sseop/images/ESC/large/ISS001/ISS001-E-5990.JPG
ISS001-E-5991,50.2,16.7,http://eol.jsc.nasa.gov/sseop/images/ESC/small/ISS001/ISS001-E-5991.JPG,http://eol.jsc.nasa.gov/sseop/images/ESC/large/ISS001/ISS001-E-5991.JPG
ISS001-E-5996,51.4,-0.3,http://eol.jsc.nasa.gov/sseop/images/ESC/small/ISS001/ISS001-E-5996.JPG,http://eol.jsc.nasa.gov/sseop/images/ESC/large/ISS001/ISS001-E-5996.JPG
ISS001-E-5997,51.5,1.0,http://eol.jsc.nasa.gov/sseop/images/ESC/small/ISS001/ISS001-E-5997.JPG,http://eol.jsc.nasa.gov/sseop/images/ESC/large/ISS001/ISS001-E-5997.JPG
ISS001-E-5998,51.6,2.4,http://eol.jsc.nasa.gov/sseop/images/ESC/small/ISS001/ISS001-E-5998.JPG,http://eol.jsc.nasa.gov/sseop/images/ESC/large/ISS001/ISS001-E-5998.JPG
ISS001-E-5999,51.7,5.4,http://eol.jsc.nasa.gov/sseop/images/ESC/small/ISS001/ISS001-E-5999.JPG,http://eol.jsc.nasa.gov/sseop/images/ESC/large/ISS001/ISS001-E-5999.JPG
ISS001-E-6000,51.7,6.0,http://eol.jsc.nasa.gov/sseop/images/ESC/small/ISS001/ISS001-E-6000.JPG,http://eol.jsc.nasa.gov/sseop/images/ESC/large/ISS001/ISS001-E-6000.JPG
ISS001-E-6001,-49.0,153.3,http://eol.jsc.nasa.gov/sseop/images/ESC/small/ISS001/ISS001-E-6001.JPG,http://eol.jsc.nasa.gov/sseop/images/ESC/large/ISS001/ISS001-E-6001.JPG
ISS001-E-6012,49.2,18.8,http://eol.jsc.nasa.gov/sseop/images/ESC/small/ISS001/ISS001-E-6012.JPG,http://eol.jsc.nasa.gov/sseop/images/ESC/large/ISS001/ISS001-E-6012.JPG
ISS001-E-6014,48.0,13.9,http://eol.jsc.nasa.gov/sseop/images/ESC/small/ISS001/ISS001-E-6014.JPG,http://eol.jsc.nasa.gov/sseop/images/ESC/large/ISS001/ISS001-E-6014.JPG
ISS001-E-6015,48.5,15.8,http://eol.jsc.nasa.gov/sseop/images/ESC/small/ISS001/ISS001-E-6015.JPG,http://eol.jsc.nasa.gov/sseop/images/ESC/large/ISS001/ISS001-E-6015.JPG
ISS001-E-6016,48.6,16.2,http://eol.jsc.nasa.gov/sseop/images/ESC/small/ISS001/ISS001-E-6016.JPG,http://eol.jsc.nasa.gov/sseop/images/ESC/large/ISS001/ISS001-E-6016.JPG
ISS001-E-6017,50.2,0.5,http://eol.jsc.nasa.gov/sseop/images/ESC/small/ISS001/ISS001-E-6017.JPG,http://eol.jsc.nasa.gov/sseop/images/ESC/large/ISS001/ISS001-E-6017.JPG
ISS001-E-6018,50.4,1.6,http://eol.jsc.nasa.gov/sseop/images/ESC/small/ISS001/ISS001-E-6018.JPG,http://eol.jsc.nasa.gov/sseop/images/ESC/large/ISS001/ISS001-E-6018.JPG
ISS001-E-6022,41.5,7.6,http://eol.jsc.nasa.gov/sseop/images/ESC/small/ISS001/ISS001-E-6022.JPG,http://eol.jsc.nasa.gov/sseop/images/ESC/large/ISS001/ISS001-E-6022.JPG
ISS001-E-6035,41.4,84.7,http://eol.jsc.nasa.gov/sseop/images/ESC/small/ISS001/ISS001-E-6035.JPG,http://eol.jsc.nasa.gov/sseop/images/ESC/large/ISS001/ISS001-E-6035.JPG
ISS001-E-6036,40.3,86.5,http://eol.jsc.nasa.gov/sseop/images/ESC/small/ISS001/ISS001-E-6036.JPG,http://eol.jsc.nasa.gov/sseop/images/ESC/large/ISS001/ISS001-E-6036.JPG
ISS001-E-6037,49.7,-3.1,http://eol.jsc.nasa.gov/sseop/images/ESC/small/ISS001/ISS001-E-6037.JPG,http://eol.jsc.nasa.gov/sseop/images/ESC/large/ISS001/ISS001-E-6037.JPG
ISS001-E-6038,49.8,-2.8,http://eol.jsc.nasa.gov/sseop/images/ESC/small/ISS001/ISS001-E-6038.JPG,http://eol.jsc.nasa.gov/sseop/images/ESC/large/ISS001/ISS001-E-6038.JPG
ISS001-E-6039,50.3,0.1,http://eol.jsc.nasa.gov/sseop/images/ESC/small/ISS001/ISS001-E-6039.JPG,http://eol.jsc.nasa.gov/sseop/images/ESC/large/ISS001/ISS001-E-6039.JPG
ISS001-E-6040,24.2,82.9,http://eol.jsc.nasa.gov/sseop/images/ESC/small/ISS001/ISS001-E-6040.JPG,http://eol.jsc.nasa.gov/sseop/images/ESC/large/ISS001/ISS001-E-6040.JPG
ISS001-E-6049,40.6,-77.3,http://eol.jsc.nasa.gov/sseop/images/ESC/small/ISS001/ISS001-E-6049.JPG,http://eol.jsc.nasa.gov/sseop/images/ESC/large/ISS001/ISS001-E-6049.JPG
ISS001-E-6050,40.4,-76.9,http://eol.jsc.nasa.gov/sseop/images/ESC/small/ISS001/ISS001-E-6050.JPG,http://eol.jsc.nasa.gov/sseop/images/ESC/large/ISS001/ISS001-E-6050.JPG
ISS001-E-6051,40.0,-76.2,http://eol.jsc.nasa.gov/sseop/images/ESC/small/ISS001/ISS001-E-6051.JPG,http://eol.jsc.nasa.gov/sseop/images/ESC/large/ISS001/ISS001-E-6051.JPG
ISS001-E-6052,39.4,-75.2,http://eol.jsc.nasa.gov/sseop/images/ESC/small/ISS001/ISS001-E-6052.JPG,http://eol.jsc.nasa.gov/sseop/images/ESC/large/ISS001/ISS001-E-6052.JPG
ISS001-E-6053,38.8,-74.3,http://eol.jsc.nasa.gov/sseop/images/ESC/small/ISS001/ISS001-E-6053.JPG,http://eol.jsc.nasa.gov/sseop/images/ESC/large/ISS001/ISS001-E-6053.JPG
ISS001-E-6054,38.0,-73.1,http://eol.jsc.nasa.gov/sseop/images/ESC/small/ISS001/ISS001-E-6054.JPG,http://eol.jsc.nasa.gov/sseop/images/ESC/large/ISS001/ISS001-E-6054.JPG
ISS001-E-6055,37.8,-72.7,http://eol.jsc.nasa.gov/sseop/images/ESC/small/ISS001/ISS001-E-6055.JPG,http://eol.jsc.nasa.gov/sseop/images/ESC/large/ISS001/ISS001-E-6055.JPG
ISS001-E-6056,34.3,-91.3,http://eol.jsc.nasa.gov/sseop/images/ESC/small/ISS001/ISS001-E-6056.JPG,http://eol.jsc.nasa.gov/sseop/images/ESC/large/ISS001/ISS001-E-6056.JPG
ISS001-E-6057,32.7,-89.3,http://eol.jsc.nasa.gov/sseop/images/ESC/small/ISS001/ISS001-E-6057.JPG,http://eol.jsc.nasa.gov/sseop/images/ESC/large/ISS001/ISS001-E-6057.JPG
ISS001-E-6058,31.9,-88.4,http://eol.jsc.nasa.gov/sseop/images/ESC/small/ISS001/ISS001-E-6058.JPG,http://eol.jsc.nasa.gov/sseop/images/ESC/large/ISS001/ISS001-E-6058.JPG
ISS001-E-6059,28.7,-84.8,http://eol.jsc.nasa.gov/sseop/images/ESC/small/ISS001/ISS001-E-6059.JPG,http://eol.jsc.nasa.gov/sseop/images/ESC/large/ISS001/ISS001-E-6059.JPG
ISS001-E-6060,27.4,-83.5,http://eol.jsc.nasa.gov/sseop/images/ESC/small/ISS001/ISS001-E-6060.JPG,http://eol.jsc.nasa.gov/sseop/images/ESC/large/ISS001/ISS001-E-6060.JPG
ISS001-E-6061,26.2,-82.3,http://eol.jsc.nasa.gov/sseop/images/ESC/small/ISS001/ISS001-E-6061.JPG,http://eol.jsc.nasa.gov/sseop/images/ESC/large/ISS001/ISS001-E-6061.JPG
ISS001-E-6062,22.1,-78.5,http://eol.jsc.nasa.gov/sseop/images/ESC/small/ISS001/ISS001-E-6062.JPG,http://eol.jsc.nasa.gov/sseop/images/ESC/large/ISS001/ISS001-E-6062.JPG
ISS001-E-6063,44.3,65.3,http://eol.jsc.nasa.gov/sseop/images/ESC/small/ISS001/ISS001-E-6063.JPG,http://eol.jsc.nasa.gov/sseop/images/ESC/large/ISS001/ISS001-E-6063.JPG
ISS001-E-6064,45.9,61.5,http://eol.jsc.nasa.gov/sseop/images/ESC/small/ISS001/ISS001-E-6064.JPG,http://eol.jsc.nasa.gov/sseop/images/ESC/large/ISS001/ISS001-E-6064.JPG
ISS001-E-6065,45.6,62.1,http://eol.jsc.nasa.gov/sseop/images/ESC/small/ISS001/ISS001-E-6065.JPG,http://eol.jsc.nasa.gov/sseop/images/ESC/large/ISS001/ISS001-E-6065.JPG
ISS001-E-6066,45.5,62.3,http://eol.jsc.nasa.gov/sseop/images/ESC/small/ISS001/ISS001-E-6066.JPG,http://eol.jsc.nasa.gov/sseop/images/ESC/large/ISS001/ISS001-E-6066.JPG
ISS001-E-6067,45.0,63.7,http://eol.jsc.nasa.gov/sseop/images/ESC/small/ISS001/ISS001-E-6067.JPG,http://eol.jsc.nasa.gov/sseop/images/ESC/large/ISS001/ISS001-E-6067.JPG
ISS001-E-6068,44.7,64.5,http://eol.jsc.nasa.gov/sseop/images/ESC/small/ISS001/ISS001-E-6068.JPG,http://eol.jsc.nasa.gov/sseop/images/ESC/large/ISS001/ISS001-E-6068.JPG
ISS001-E-6069,44.5,65.0,http://eol.jsc.nasa.gov/sseop/images/ESC/small/ISS001/ISS001-E-6069.JPG,http://eol.jsc.nasa.gov/sseop/images/ESC/large/ISS001/ISS001-E-6069.JPG
ISS001-E-6070,34.4,35.2,http://eol.jsc.nasa.gov/sseop/images/ESC/small/ISS001/ISS001-E-6070.JPG,http://eol.jsc.nasa.gov/sseop/images/ESC/large/ISS001/ISS001-E-6070.JPG
ISS001-E-6071,36.7,32.1,http://eol.jsc.nasa.gov/sseop/images/ESC/small/ISS001/ISS001-E-6071.JPG,http://eol.jsc.nasa.gov/sseop/images/ESC/large/ISS001/ISS001-E-6071.JPG
ISS001-E-6081,50.6,-174.3,http://eol.jsc.nasa.gov/sseop/images/ESC/small/ISS001/ISS001-E-6081.JPG,http://eol.jsc.nasa.gov/sseop/images/ESC/large/ISS001/ISS001-E-6081.JPG
ISS001-E-6083,51.1,-170.9,http://eol.jsc.nasa.gov/sseop/images/ESC/small/ISS001/ISS001-E-6083.JPG,http://eol.jsc.nasa.gov/sseop/images/ESC/large/ISS001/ISS001-E-6083.JPG
ISS001-E-6087,43.1,77.8,http://eol.jsc.nasa.gov/sseop/images/ESC/small/ISS001/ISS001-E-6087.JPG,http://eol.jsc.nasa.gov/sseop/images/ESC/large/ISS001/ISS001-E-6087.JPG
ISS001-E-6088,42.8,78.6,http://eol.jsc.nasa.gov/sseop/images/ESC/small/ISS001/ISS001-E-6088.JPG,http://eol.jsc.nasa.gov/sseop/images/ESC/large/ISS001/ISS001-E-6088.JPG
ISS001-E-6089,42.6,79.0,http://eol.jsc.nasa.gov/sseop/images/ESC/small/ISS001/ISS001-E-6089.JPG,http://eol.jsc.nasa.gov/sseop/images/ESC/large/ISS001/ISS001-E-6089.JPG
ISS001-E-6090,35.6,66.9,http://eol.jsc.nasa.gov/sseop/images/ESC/small/ISS001/ISS001-E-6090.JPG,http://eol.jsc.nasa.gov/sseop/images/ESC/large/ISS001/ISS001-E-6090.JPG
ISS001-E-6091,35.2,67.5,http://eol.jsc.nasa.gov/sseop/images/ESC/small/ISS001/ISS001-E-6091.JPG,http://eol.jsc.nasa.gov/sseop/images/ESC/large/ISS001/ISS001-E-6091.JPG
ISS001-E-6092,39.9,60.5,http://eol.jsc.nasa.gov/sseop/images/ESC/small/ISS001/ISS001-E-6092.JPG,http://eol.jsc.nasa.gov/sseop/images/ESC/large/ISS001/ISS001-E-6092.JPG
ISS001-E-6093,38.4,62.9,http://eol.jsc.nasa.gov/sseop/images/ESC/small/ISS001/ISS001-E-6093.JPG,http://eol.jsc.nasa.gov/sseop/images/ESC/large/ISS001/ISS001-E-6093.JPG
ISS001-E-6097,27.6,76.2,http://eol.jsc.nasa.gov/sseop/images/ESC/small/ISS001/ISS001-E-6097.JPG,http://eol.jsc.nasa.gov/sseop/images/ESC/large/ISS001/ISS001-E-6097.JPG
ISS001-E-6125,-51.7,-72.4,http://eol.jsc.nasa.gov/sseop/images/ESC/small/ISS001/ISS001-E-6125.JPG,http://eol.jsc.nasa.gov/sseop/images/ESC/large/ISS001/ISS001-E-6125.JPG
ISS001-E-6184,-44.2,-65.6,http://eol.jsc.nasa.gov/sseop/images/ESC/small/ISS001/ISS001-E-6184.JPG,http://eol.jsc.nasa.gov/sseop/images/ESC/large/ISS001/ISS001-E-6184.JPG
ISS001-E-6185,-22.2,16.4,http://eol.jsc.nasa.gov/sseop/images/ESC/small/ISS001/ISS001-E-6185.JPG,http://eol.jsc.nasa.gov/sseop/images/ESC/large/ISS001/ISS001-E-6185.JPG
ISS001-E-6205,-47.8,-62.3,http://eol.jsc.nasa.gov/sseop/images/ESC/small/ISS001/ISS001-E-6205.JPG,http://eol.jsc.nasa.gov/sseop/images/ESC/large/ISS001/ISS001-E-6205.JPG
ISS001-E-6206,41.3,-80.2,http://eol.jsc.nasa.gov/sseop/images/ESC/small/ISS001/ISS001-E-6206.JPG,http://eol.jsc.nasa.gov/sseop/images/ESC/large/ISS001/ISS001-E-6206.JPG
ISS001-E-6207,51.5,-117.4,http://eol.jsc.nasa.gov/sseop/images/ESC/small/ISS001/ISS001-E-6207.JPG,http://eol.jsc.nasa.gov/sseop/images/ESC/large/ISS001/ISS001-E-6207.JPG
ISS001-E-6208,41.5,-103.0,http://eol.jsc.nasa.gov/sseop/images/ESC/small/ISS001/ISS001-E-6208.JPG,http://eol.jsc.nasa.gov/sseop/images/ESC/large/ISS001/ISS001-E-6208.JPG
ISS001-E-6209,41.8,-102.6,http://eol.jsc.nasa.gov/sseop/images/ESC/small/ISS001/ISS001-E-6209.JPG,http://eol.jsc.nasa.gov/sseop/images/ESC/large/ISS001/ISS001-E-6209.JPG
ISS001-E-6210,42.7,-100.8,http://eol.jsc.nasa.gov/sseop/images/ESC/small/ISS001/ISS001-E-6210.JPG,http://eol.jsc.nasa.gov/sseop/images/ESC/large/ISS001/ISS001-E-6210.JPG
ISS001-E-6211,-22.0,35.9,http://eol.jsc.nasa.gov/sseop/images/ESC/small/ISS001/ISS001-E-6211.JPG,http://eol.jsc.nasa.gov/sseop/images/ESC/large/ISS001/ISS001-E-6211.JPG
ISS001-E-6212,-21.7,36.2,http://eol.jsc.nasa.gov/sseop/images/ESC/small/ISS001/ISS001-E-6212.JPG,http://eol.jsc.nasa.gov/sseop/images/ESC/large/ISS001/ISS001-E-6212.JPG
ISS001-E-6213,-49.2,-55.2,http://eol.jsc.nasa.gov/sseop/images/ESC/small/ISS001/ISS001-E-6213.JPG,http://eol.jsc.nasa.gov/sseop/images/ESC/large/ISS001/ISS001-E-6213.JPG
ISS001-E-6221,-42.0,-63.3,http://eol.jsc.nasa.gov/sseop/images/ESC/small/ISS001/ISS001-E-6221.JPG,http://eol.jsc.nasa.gov/sseop/images/ESC/large/ISS001/ISS001-E-6221.JPG
ISS001-E-6222,-45.8,-71.7,http://eol.jsc.nasa.gov/sseop/images/ESC/small/ISS001/ISS001-E-6222.JPG,http://eol.jsc.nasa.gov/sseop/images/ESC/large/ISS001/ISS001-E-6222.JPG
ISS001-E-6223,-45.5,-71.1,http://eol.jsc.nasa.gov/sseop/images/ESC/small/ISS001/ISS001-E-6223.JPG,http://eol.jsc.nasa.gov/sseop/images/ESC/large/ISS001/ISS001-E-6223.JPG
ISS001-E-6224,-45.3,-70.5,http://eol.jsc.nasa.gov/sseop/images/ESC/small/ISS001/ISS001-E-6224.JPG,http://eol.jsc.nasa.gov/sseop/images/ESC/large/ISS001/ISS001-E-6224.JPG
ISS001-E-6225,-40.8,-61.1,http://eol.jsc.nasa.gov/sseop/images/ESC/small/ISS001/ISS001-E-6225.JPG,http://eol.jsc.nasa.gov/sseop/images/ESC/large/ISS001/ISS001-E-6225.JPG
ISS001-E-6226,-35.0,-52.3,http://eol.jsc.nasa.gov/sseop/images/ESC/small/ISS001/ISS001-E-6226.JPG,http://eol.jsc.nasa.gov/sseop/images/ESC/large/ISS001/ISS001-E-6226.JPG
ISS001-E-6227,42.2,-73.3,http://eol.jsc.nasa.gov/sseop/images/ESC/small/ISS001/ISS001-E-6227.JPG,http://eol.jsc.nasa.gov/sseop/images/ESC/large/ISS001/ISS001-E-6227.JPG
ISS001-E-6228,42.5,-72.8,http://eol.jsc.nasa.gov/sseop/images/ESC/small/ISS001/ISS001-E-6228.JPG,http://eol.jsc.nasa.gov/sseop/images/ESC/large/ISS001/ISS001-E-6228.JPG
ISS001-E-6229,41.9,-74.0,http://eol.jsc.nasa.gov/sseop/images/ESC/small/ISS001/ISS001-E-6229.JPG,http://eol.jsc.nasa.gov/sseop/images/ESC/large/ISS001/ISS001-E-6229.JPG
ISS001-E-6230,43.0,-71.8,http://eol.jsc.nasa.gov/sseop/images/ESC/small/ISS001/ISS001-E-6230.JPG,http://eol.jsc.nasa.gov/sseop/images/ESC/large/ISS001/ISS001-E-6230.JPG
ISS001-E-6231,39.1,-102.2,http://eol.jsc.nasa.gov/sseop/images/ESC/small/ISS001/ISS001-E-6231.JPG,http://eol.jsc.nasa.gov/sseop/images/ESC/large/ISS001/ISS001-E-6231.JPG
ISS001-E-6232,41.8,-97.5,http://eol.jsc.nasa.gov/sseop/images/ESC/small/ISS001/ISS001-E-6232.JPG,http://eol.jsc.nasa.gov/sseop/images/ESC/large/ISS001/ISS001-E-6232.JPG
ISS001-E-6233,42.0,-97.1,http://eol.jsc.nasa.gov/sseop/images/ESC/small/ISS001/ISS001-E-6233.JPG,http://eol.jsc.nasa.gov/sseop/images/ESC/large/ISS001/ISS001-E-6233.JPG
ISS001-E-6234,43.4,-94.3,http://eol.jsc.nasa.gov/sseop/images/ESC/small/ISS001/ISS001-E-6234.JPG,http://eol.jsc.nasa.gov/sseop/images/ESC/large/ISS001/ISS001-E-6234.JPG
ISS001-E-6239,-47.5,-63.4,http://eol.jsc.nasa.gov/sseop/images/ESC/small/ISS001/ISS001-E-6239.JPG,http://eol.jsc.nasa.gov/sseop/images/ESC/large/ISS001/ISS001-E-6239.JPG
ISS001-E-6240,-47.1,-62.4,http://eol.jsc.nasa.gov/sseop/images/ESC/small/ISS001/ISS001-E-6240.JPG,http://eol.jsc.nasa.gov/sseop/images/ESC/large/ISS001/ISS001-E-6240.JPG
ISS001-E-6241,-46.9,-61.5,http://eol.jsc.nasa.gov/sseop/images/ESC/small/ISS001/ISS001-E-6241.JPG,http://eol.jsc.nasa.gov/sseop/images/ESC/large/ISS001/ISS001-E-6241.JPG
ISS001-E-6277,15.9,-71.4,http://eol.jsc.nasa.gov/sseop/images/ESC/small/ISS001/ISS001-E-6277.JPG,http://eol.jsc.nasa.gov/sseop/images/ESC/large/ISS001/ISS001-E-6277.JPG
ISS001-E-6283,30.2,-95.6,http://eol.jsc.nasa.gov/sseop/images/ESC/small/ISS001/ISS001-E-6283.JPG,http://eol.jsc.nasa.gov/sseop/images/ESC/large/ISS001/ISS001-E-6283.JPG
ISS001-E-6284,30.5,-95.3,http://eol.jsc.nasa.gov/sseop/images/ESC/small/ISS001/ISS001-E-6284.JPG,http://eol.jsc.nasa.gov/sseop/images/ESC/large/ISS001/ISS001-E-6284.JPG
ISS001-E-6285,30.9,-94.9,http://eol.jsc.nasa.gov/sseop/images/ESC/small/ISS001/ISS001-E-6285.JPG,http://eol.jsc.nasa.gov/sseop/images/ESC/large/ISS001/ISS001-E-6285.JPG
ISS001-E-6286,31.4,-94.2,http://eol.jsc.nasa.gov/sseop/images/ESC/small/ISS001/ISS001-E-6286.JPG,http://eol.jsc.nasa.gov/sseop/images/ESC/large/ISS001/ISS001-E-6286.JPG
ISS001-E-6320,26.6,22.3,http://eol.jsc.nasa.gov/sseop/images/ESC/small/ISS001/ISS001-E-6320.JPG,http://eol.jsc.nasa.gov/sseop/images/ESC/large/ISS001/ISS001-E-6320.JPG
ISS001-E-6321,28.2,147.0,http://eol.jsc.nasa.gov/sseop/images/ESC/small/ISS001/ISS001-E-6321.JPG,http://eol.jsc.nasa.gov/sseop/images/ESC/large/ISS001/ISS001-E-6321.JPG
ISS001-E-6322,26.2,149.0,http://eol.jsc.nasa.gov/sseop/images/ESC/small/ISS001/ISS001-E-6322.JPG,http://eol.jsc.nasa.gov/sseop/images/ESC/large/ISS001/ISS001-E-6322.JPG
ISS001-E-6324,-19.9,-60.4,http://eol.jsc.nasa.gov/sseop/images/ESC/small/ISS001/ISS001-E-6324.JPG,http://eol.jsc.nasa.gov/sseop/images/ESC/large/ISS001/ISS001-E-6324.JPG
ISS001-E-6325,-20.2,-60.6,http://eol.jsc.nasa.gov/sseop/images/ESC/small/ISS001/ISS001-E-6325.JPG,http://eol.jsc.nasa.gov/sseop/images/ESC/large/ISS001/ISS001-E-6325.JPG
ISS001-E-6326,-19.5,-59.9,http://eol.jsc.nasa.gov/sseop/images/ESC/small/ISS001/ISS001-E-6326.JPG,http://eol.jsc.nasa.gov/sseop/images/ESC/large/ISS001/ISS001-E-6326.JPG
ISS001-E-6327,42.4,-3.1,http://eol.jsc.nasa.gov/sseop/images/ESC/small/ISS001/ISS001-E-6327.JPG,http://eol.jsc.nasa.gov/sseop/images/ESC/large/ISS001/ISS001-E-6327.JPG
ISS001-E-6328,-28.1,-67.9,http://eol.jsc.nasa.gov/sseop/images/ESC/small/ISS001/ISS001-E-6328.JPG,http://eol.jsc.nasa.gov/sseop/images/ESC/large/ISS001/ISS001-E-6328.JPG
ISS001-E-6330,32.6,152.7,http://eol.jsc.nasa.gov/sseop/images/ESC/small/ISS001/ISS001-E-6330.JPG,http://eol.jsc.nasa.gov/sseop/images/ESC/large/ISS001/ISS001-E-6330.JPG
ISS001-E-6336,31.8,48.6,http://eol.jsc.nasa.gov/sseop/images/ESC/small/ISS001/ISS001-E-6336.JPG,http://eol.jsc.nasa.gov/sseop/images/ESC/large/ISS001/ISS001-E-6336.JPG
ISS001-E-6337,35.6,53.4,http://eol.jsc.nasa.gov/sseop/images/ESC/small/ISS001/ISS001-E-6337.JPG,http://eol.jsc.nasa.gov/sseop/images/ESC/large/ISS001/ISS001-E-6337.JPG
ISS001-E-6342,-35.8,-56.1,http://eol.jsc.nasa.gov/sseop/images/ESC/small/ISS001/ISS001-E-6342.JPG,http://eol.jsc.nasa.gov/sseop/images/ESC/large/ISS001/ISS001-E-6342.JPG
ISS001-E-6343,-35.5,-55.7,http://eol.jsc.nasa.gov/sseop/images/ESC/small/ISS001/ISS001-E-6343.JPG,http://eol.jsc.nasa.gov/sseop/images/ESC/large/ISS001/ISS001-E-6343.JPG
ISS001-E-6344,30.4,-22.8,http://eol.jsc.nasa.gov/sseop/images/ESC/small/ISS001/ISS001-E-6344.JPG,http://eol.jsc.nasa.gov/sseop/images/ESC/large/ISS001/ISS001-E-6344.JPG
ISS001-E-6345,31.7,-21.4,http://eol.jsc.nasa.gov/sseop/images/ESC/small/ISS001/ISS001-E-6345.JPG,http://eol.jsc.nasa.gov/sseop/images/ESC/large/ISS001/ISS001-E-6345.JPG
ISS001-E-6346,17.9,-104.5,http://eol.jsc.nasa.gov/sseop/images/ESC/small/ISS001/ISS001-E-6346.JPG,http://eol.jsc.nasa.gov/sseop/images/ESC/large/ISS001/ISS001-E-6346.JPG
ISS001-E-6347,34.8,20.4,http://eol.jsc.nasa.gov/sseop/images/ESC/small/ISS001/ISS001-E-6347.JPG,http://eol.jsc.nasa.gov/sseop/images/ESC/large/ISS001/ISS001-E-6347.JPG
ISS001-E-6348,33.5,22.0,http://eol.jsc.nasa.gov/sseop/images/ESC/small/ISS001/ISS001-E-6348.JPG,http://eol.jsc.nasa.gov/sseop/images/ESC/large/ISS001/ISS001-E-6348.JPG
ISS001-E-6349,32.5,-113.7,http://eol.jsc.nasa.gov/sseop/images/ESC/small/ISS001/ISS001-E-6349.JPG,http://eol.jsc.nasa.gov/sseop/images/ESC/large/ISS001/ISS001-E-6349.JPG
ISS001-E-6350,35.2,-110.3,http://eol.jsc.nasa.gov/sseop/images/ESC/small/ISS001/ISS001-E-6350.JPG,http://eol.jsc.nasa.gov/sseop/images/ESC/large/ISS001/ISS001-E-6350.JPG
ISS001-E-6351,33.3,-112.7,http://eol.jsc.nasa.gov/sseop/images/ESC/small/ISS001/ISS001-E-6351.JPG,http://eol.jsc.nasa.gov/sseop/images/ESC/large/ISS001/ISS001-E-6351.JPG
ISS001-E-6352,28.9,153.9,http://eol.jsc.nasa.gov/sseop/images/ESC/small/ISS001/ISS001-E-6352.JPG,http://eol.jsc.nasa.gov/sseop/images/ESC/large/ISS001/ISS001-E-6352.JPG
ISS001-E-6353,28.7,154.1,http://eol.jsc.nasa.gov/sseop/images/ESC/small/ISS001/ISS001-E-6353.JPG,http://eol.jsc.nasa.gov/sseop/images/ESC/large/ISS001/ISS001-E-6353.JPG
ISS001-E-6354,38.0,43.6,http://eol.jsc.nasa.gov/sseop/images/ESC/small/ISS001/ISS001-E-6354.JPG,http://eol.jsc.nasa.gov/sseop/images/ESC/large/ISS001/ISS001-E-6354.JPG
ISS001-E-6360,32.6,-94.3,http://eol.jsc.nasa.gov/sseop/images/ESC/small/ISS001/ISS001-E-6360.JPG,http://eol.jsc.nasa.gov/sseop/images/ESC/large/ISS001/ISS001-E-6360.JPG
ISS001-E-6361,33.8,-116.2,http://eol.jsc.nasa.gov/sseop/images/ESC/small/ISS001/ISS001-E-6361.JPG,http://eol.jsc.nasa.gov/sseop/images/ESC/large/ISS001/ISS001-E-6361.JPG
ISS001-E-6365,44.9,75.5,http://eol.jsc.nasa.gov/sseop/images/ESC/small/ISS001/ISS001-E-6365.JPG,http://eol.jsc.nasa.gov/sseop/images/ESC/large/ISS001/ISS001-E-6365.JPG
ISS001-E-6367,-51.4,-71.4,http://eol.jsc.nasa.gov/sseop/images/ESC/small/ISS001/ISS001-E-6367.JPG,http://eol.jsc.nasa.gov/sseop/images/ESC/large/ISS001/ISS001-E-6367.JPG
ISS001-E-6371,40.4,42.9,http://eol.jsc.nasa.gov/sseop/images/ESC/small/ISS001/ISS001-E-6371.JPG,http://eol.jsc.nasa.gov/sseop/images/ESC/large/ISS001/ISS001-E-6371.JPG
ISS001-E-6373,-47.6,44.3,http://eol.jsc.nasa.gov/sseop/images/ESC/small/ISS001/ISS001-E-6373.JPG,http://eol.jsc.nasa.gov/sseop/images/ESC/large/ISS001/ISS001-E-6373.JPG
ISS001-E-6374,-48.1,45.9,http://eol.jsc.nasa.gov/sseop/images/ESC/small/ISS001/ISS001-E-6374.JPG,http://eol.jsc.nasa.gov/sseop/images/ESC/large/ISS001/ISS001-E-6374.JPG
ISS001-E-6375,-46.5,40.9,http://eol.jsc.nasa.gov/sseop/images/ESC/small/ISS001/ISS001-E-6375.JPG,http://eol.jsc.nasa.gov/sseop/images/ESC/large/ISS001/ISS001-E-6375.JPG
ISS001-E-6376,28.0,-80.1,http://eol.jsc.nasa.gov/sseop/images/ESC/small/ISS001/ISS001-E-6376.JPG,http://eol.jsc.nasa.gov/sseop/images/ESC/large/ISS001/ISS001-E-6376.JPG
ISS001-E-6382,46.9,-172.1,http://eol.jsc.nasa.gov/sseop/images/ESC/small/ISS001/ISS001-E-6382.JPG,http://eol.jsc.nasa.gov/sseop/images/ESC/large/ISS001/ISS001-E-6382.JPG
ISS001-E-6383,-46.2,170.0,http://eol.jsc.nasa.gov/sseop/images/ESC/small/ISS001/ISS001-E-6383.JPG,http://eol.jsc.nasa.gov/sseop/images/ESC/large/ISS001/ISS001-E-6383.JPG
ISS001-E-6440,41.0,29.0,http://eol.jsc.nasa.gov/sseop/images/ESC/small/ISS001/ISS001-E-6440.JPG,http://eol.jsc.nasa.gov/sseop/images/ESC/large/ISS001/ISS001-E-6440.JPG
ISS001-E-6466,45.2,-4.6,http://eol.jsc.nasa.gov/sseop/images/ESC/small/ISS001/ISS001-E-6466.JPG,http://eol.jsc.nasa.gov/sseop/images/ESC/large/ISS001/ISS001-E-6466.JPG
ISS001-E-6468,-3.7,-122.5,http://eol.jsc.nasa.gov/sseop/images/ESC/small/ISS001/ISS001-E-6468.JPG,http://eol.jsc.nasa.gov/sseop/images/ESC/large/ISS001/ISS001-E-6468.JPG
ISS001-E-6469,-2.3,-121.5,http://eol.jsc.nasa.gov/sseop/images/ESC/small/ISS001/ISS001-E-6469.JPG,http://eol.jsc.nasa.gov/sseop/images/ESC/large/ISS001/ISS001-E-6469.JPG
ISS001-E-6470,-1.9,-121.2,http://eol.jsc.nasa.gov/sseop/images/ESC/small/ISS001/ISS001-E-6470.JPG,http://eol.jsc.nasa.gov/sseop/images/ESC/large/ISS001/ISS001-E-6470.JPG
ISS001-E-6471,-2.5,-121.7,http://eol.jsc.nasa.gov/sseop/images/ESC/small/ISS001/ISS001-E-6471.JPG,http://eol.jsc.nasa.gov/sseop/images/ESC/large/ISS001/ISS001-E-6471.JPG
ISS001-E-6472,28.4,-94.5,http://eol.jsc.nasa.gov/sseop/images/ESC/small/ISS001/ISS001-E-6472.JPG,http://eol.jsc.nasa.gov/sseop/images/ESC/large/ISS001/ISS001-E-6472.JPG
ISS001-E-6476,51.4,-143.9,http://eol.jsc.nasa.gov/sseop/images/ESC/small/ISS001/ISS001-E-6476.JPG,http://eol.jsc.nasa.gov/sseop/images/ESC/large/ISS001/ISS001-E-6476.JPG
ISS001-E-6477,51.3,-143.4,http://eol.jsc.nasa.gov/sseop/images/ESC/small/ISS001/ISS001-E-6477.JPG,http://eol.jsc.nasa.gov/sseop/images/ESC/large/ISS001/ISS001-E-6477.JPG
ISS001-E-6478,51.3,-142.9,http://eol.jsc.nasa.gov/sseop/images/ESC/small/ISS001/ISS001-E-6478.JPG,http://eol.jsc.nasa.gov/sseop/images/ESC/large/ISS001/ISS001-E-6478.JPG
ISS001-E-6479,51.2,-141.8,http://eol.jsc.nasa.gov/sseop/images/ESC/small/ISS001/ISS001-E-6479.JPG,http://eol.jsc.nasa.gov/sseop/images/ESC/large/ISS001/ISS001-E-6479.JPG
ISS001-E-6480,51.0,-140.1,http://eol.jsc.nasa.gov/sseop/images/ESC/small/ISS001/ISS001-E-6480.JPG,http://eol.jsc.nasa.gov/sseop/images/ESC/large/ISS001/ISS001-E-6480.JPG
ISS001-E-6481,50.9,-139.6,http://eol.jsc.nasa.gov/sseop/images/ESC/small/ISS001/ISS001-E-6481.JPG,http://eol.jsc.nasa.gov/sseop/images/ESC/large/ISS001/ISS001-E-6481.JPG
ISS001-E-6482,29.3,-89.7,http://eol.jsc.nasa.gov/sseop/images/ESC/small/ISS001/ISS001-E-6482.JPG,http://eol.jsc.nasa.gov/sseop/images/ESC/large/ISS001/ISS001-E-6482.JPG
ISS001-E-6487,-26.7,128.1,http://eol.jsc.nasa.gov/sseop/images/ESC/small/ISS001/ISS001-E-6487.JPG,http://eol.jsc.nasa.gov/sseop/images/ESC/large/ISS001/ISS001-E-6487.JPG
ISS001-E-6489,41.0,-48.1,http://eol.jsc.nasa.gov/sseop/images/ESC/small/ISS001/ISS001-E-6489.JPG,http://eol.jsc.nasa.gov/sseop/images/ESC/large/ISS001/ISS001-E-6489.JPG
ISS001-E-6490,41.4,-47.4,http://eol.jsc.nasa.gov/sseop/images/ESC/small/ISS001/ISS001-E-6490.JPG,http://eol.jsc.nasa.gov/sseop/images/ESC/large/ISS001/ISS001-E-6490.JPG
ISS001-E-6491,26.0,60.1,http://eol.jsc.nasa.gov/sseop/images/ESC/small/ISS001/ISS001-E-6491.JPG,http://eol.jsc.nasa.gov/sseop/images/ESC/large/ISS001/ISS001-E-6491.JPG
ISS001-E-6492,24.8,61.3,http://eol.jsc.nasa.gov/sseop/images/ESC/small/ISS001/ISS001-E-6492.JPG,http://eol.jsc.nasa.gov/sseop/images/ESC/large/ISS001/ISS001-E-6492.JPG
ISS001-E-6494,20.9,64.7,http://eol.jsc.nasa.gov/sseop/images/ESC/small/ISS001/ISS001-E-6494.JPG,http://eol.jsc.nasa.gov/sseop/images/ESC/large/ISS001/ISS001-E-6494.JPG
ISS001-E-6495,51.6,4.5,http://eol.jsc.nasa.gov/sseop/images/ESC/small/ISS001/ISS001-E-6495.JPG,http://eol.jsc.nasa.gov/sseop/images/ESC/large/ISS001/ISS001-E-6495.JPG
ISS001-E-6497,29.0,-94.7,http://eol.jsc.nasa.gov/sseop/images/ESC/small/ISS001/ISS001-E-6497.JPG,http://eol.jsc.nasa.gov/sseop/images/ESC/large/ISS001/ISS001-E-6497.JPG
ISS001-E-6498,31.3,-97.3,http://eol.jsc.nasa.gov/sseop/images/ESC/small/ISS001/ISS001-E-6498.JPG,http://eol.jsc.nasa.gov/sseop/images/ESC/large/ISS001/ISS001-E-6498.JPG
ISS001-E-6499,30.3,-96.1,http://eol.jsc.nasa.gov/sseop/images/ESC/small/ISS001/ISS001-E-6499.JPG,http://eol.jsc.nasa.gov/sseop/images/ESC/large/ISS001/ISS001-E-6499.JPG
ISS001-E-6500,29.4,-95.2,http://eol.jsc.nasa.gov/sseop/images/ESC/small/ISS001/ISS001-E-6500.JPG,http://eol.jsc.nasa.gov/sseop/images/ESC/large/ISS001/ISS001-E-6500.JPG
ISS001-E-6501,29.1,-94.8,http://eol.jsc.nasa.gov/sseop/images/ESC/small/ISS001/ISS001-E-6501.JPG,http://eol.jsc.nasa.gov/sseop/images/ESC/large/ISS001/ISS001-E-6501.JPG
ISS001-E-6502,27.7,-14.2,http://eol.jsc.nasa.gov/sseop/images/ESC/small/ISS001/ISS001-E-6502.JPG,http://eol.jsc.nasa.gov/sseop/images/ESC/large/ISS001/ISS001-E-6502.JPG
ISS001-E-6508,43.5,53.2,http://eol.jsc.nasa.gov/sseop/images/ESC/small/ISS001/ISS001-E-6508.JPG,http://eol.jsc.nasa.gov/sseop/images/ESC/large/ISS001/ISS001-E-6508.JPG
ISS001-E-6511,18.7,166.9,http://eol.jsc.nasa.gov/sseop/images/ESC/small/ISS001/ISS001-E-6511.JPG,http://eol.jsc.nasa.gov/sseop/images/ESC/large/ISS001/ISS001-E-6511.JPG
ISS001-E-6512,50.6,34.5,http://eol.jsc.nasa.gov/sseop/images/ESC/small/ISS001/ISS001-E-6512.JPG,http://eol.jsc.nasa.gov/sseop/images/ESC/large/ISS001/ISS001-E-6512.JPG
ISS001-E-6514,51.1,38.2,http://eol.jsc.nasa.gov/sseop/images/ESC/small/ISS001/ISS001-E-6514.JPG,http://eol.jsc.nasa.gov/sseop/images/ESC/large/ISS001/ISS001-E-6514.JPG
ISS001-E-6527,45.7,37.5,http://eol.jsc.nasa.gov/sseop/images/ESC/small/ISS001/ISS001-E-6527.JPG,http://eol.jsc.nasa.gov/sseop/images/ESC/large/ISS001/ISS001-E-6527.JPG
ISS001-E-6528,45.4,38.2,http://eol.jsc.nasa.gov/sseop/images/ESC/small/ISS001/ISS001-E-6528.JPG,http://eol.jsc.nasa.gov/sseop/images/ESC/large/ISS001/ISS001-E-6528.JPG
ISS001-E-6529,46.9,34.2,http://eol.jsc.nasa.gov/sseop/images/ESC/small/ISS001/ISS001-E-6529.JPG,http://eol.jsc.nasa.gov/sseop/images/ESC/large/ISS001/ISS001-E-6529.JPG
ISS001-E-6530,46.6,35.1,http://eol.jsc.nasa.gov/sseop/images/ESC/small/ISS001/ISS001-E-6530.JPG,http://eol.jsc.nasa.gov/sseop/images/ESC/large/ISS001/ISS001-E-6530.JPG
ISS001-E-6531,46.4,35.7,http://eol.jsc.nasa.gov/sseop/images/ESC/small/ISS001/ISS001-E-6531.JPG,http://eol.jsc.nasa.gov/sseop/images/ESC/large/ISS001/ISS001-E-6531.JPG
ISS001-E-6532,46.1,36.4,http://eol.jsc.nasa.gov/sseop/images/ESC/small/ISS001/ISS001-E-6532.JPG,http://eol.jsc.nasa.gov/sseop/images/ESC/large/ISS001/ISS001-E-6532.JPG
ISS001-E-6534,20.1,25.4,http://eol.jsc.nasa.gov/sseop/images/ESC/small/ISS001/ISS001-E-6534.JPG,http://eol.jsc.nasa.gov/sseop/images/ESC/large/ISS001/ISS001-E-6534.JPG
ISS001-E-6535,19.2,26.1,http://eol.jsc.nasa.gov/sseop/images/ESC/small/ISS001/ISS001-E-6535.JPG,http://eol.jsc.nasa.gov/sseop/images/ESC/large/ISS001/ISS001-E-6535.JPG
ISS001-E-6537,-1.7,167.7,http://eol.jsc.nasa.gov/sseop/images/ESC/small/ISS001/ISS001-E-6537.JPG,http://eol.jsc.nasa.gov/sseop/images/ESC/large/ISS001/ISS001-E-6537.JPG
ISS001-E-6541,51.6,77.5,http://eol.jsc.nasa.gov/sseop/images/ESC/small/ISS001/ISS001-E-6541.JPG,http://eol.jsc.nasa.gov/sseop/images/ESC/large/ISS001/ISS001-E-6541.JPG
ISS001-E-6542,-30.7,-168.1,http://eol.jsc.nasa.gov/sseop/images/ESC/small/ISS001/ISS001-E-6542.JPG,http://eol.jsc.nasa.gov/sseop/images/ESC/large/ISS001/ISS001-E-6542.JPG
ISS001-E-6574,31.2,-89.9,http://eol.jsc.nasa.gov/sseop/images/ESC/small/ISS001/ISS001-E-6574.JPG,http://eol.jsc.nasa.gov/sseop/images/ESC/large/ISS001/ISS001-E-6574.JPG
ISS001-E-6575,32.0,-89.0,http://eol.jsc.nasa.gov/sseop/images/ESC/small/ISS001/ISS001-E-6575.JPG,http://eol.jsc.nasa.gov/sseop/images/ESC/large/ISS001/ISS001-E-6575.JPG
ISS001-E-6576,32.7,-88.1,http://eol.jsc.nasa.gov/sseop/images/ESC/small/ISS001/ISS001-E-6576.JPG,http://eol.jsc.nasa.gov/sseop/images/ESC/large/ISS001/ISS001-E-6576.JPG
ISS001-E-6598,19.5,3.9,http://eol.jsc.nasa.gov/sseop/images/ESC/small/ISS001/ISS001-E-6598.JPG,http://eol.jsc.nasa.gov/sseop/images/ESC/large/ISS001/ISS001-E-6598.JPG
ISS001-E-6599,19.8,4.1,http://eol.jsc.nasa.gov/sseop/images/ESC/small/ISS001/ISS001-E-6599.JPG,http://eol.jsc.nasa.gov/sseop/images/ESC/large/ISS001/ISS001-E-6599.JPG
ISS001-E-6602,28.8,12.4,http://eol.jsc.nasa.gov/sseop/images/ESC/small/ISS001/ISS001-E-6602.JPG,http://eol.jsc.nasa.gov/sseop/images/ESC/large/ISS001/ISS001-E-6602.JPG
ISS001-E-6603,29.5,13.2,http://eol.jsc.nasa.gov/sseop/images/ESC/small/ISS001/ISS001-E-6603.JPG,http://eol.jsc.nasa.gov/sseop/images/ESC/large/ISS001/ISS001-E-6603.JPG
ISS001-E-6625,-11.6,157.7,http://eol.jsc.nasa.gov/sseop/images/ESC/small/ISS001/ISS001-E-6625.JPG,http://eol.jsc.nasa.gov/sseop/images/ESC/large/ISS001/ISS001-E-6625.JPG
ISS001-E-6626,34.4,-83.5,http://eol.jsc.nasa.gov/sseop/images/ESC/small/ISS001/ISS001-E-6626.JPG,http://eol.jsc.nasa.gov/sseop/images/ESC/large/ISS001/ISS001-E-6626.JPG
ISS001-E-6627,36.8,-80.2,http://eol.jsc.nasa.gov/sseop/images/ESC/small/ISS001/ISS001-E-6627.JPG,http://eol.jsc.nasa.gov/sseop/images/ESC/large/ISS001/ISS001-E-6627.JPG
ISS001-E-6628,37.4,-79.3,http://eol.jsc.nasa.gov/sseop/images/ESC/small/ISS001/ISS001-E-6628.JPG,http://eol.jsc.nasa.gov/sseop/images/ESC/large/ISS001/ISS001-E-6628.JPG
ISS001-E-6629,37.6,-79.1,http://eol.jsc.nasa.gov/sseop/images/ESC/small/ISS001/ISS001-E-6629.JPG,http://eol.jsc.nasa.gov/sseop/images/ESC/large/ISS001/ISS001-E-6629.JPG
ISS001-E-6630,38.1,-78.2,http://eol.jsc.nasa.gov/sseop/images/ESC/small/ISS001/ISS001-E-6630.JPG,http://eol.jsc.nasa.gov/sseop/images/ESC/large/ISS001/ISS001-E-6630.JPG
ISS001-E-6631,38.3,-78.0,http://eol.jsc.nasa.gov/sseop/images/ESC/small/ISS001/ISS001-E-6631.JPG,http://eol.jsc.nasa.gov/sseop/images/ESC/large/ISS001/ISS001-E-6631.JPG
ISS001-E-6632,12.5,-117.3,http://eol.jsc.nasa.gov/sseop/images/ESC/small/ISS001/ISS001-E-6632.JPG,http://eol.jsc.nasa.gov/sseop/images/ESC/large/ISS001/ISS001-E-6632.JPG
ISS001-E-6633,7.2,-113.4,http://eol.jsc.nasa.gov/sseop/images/ESC/small/ISS001/ISS001-E-6633.JPG,http://eol.jsc.nasa.gov/sseop/images/ESC/large/ISS001/ISS001-E-6633.JPG
ISS001-E-6634,5.6,-112.2,http://eol.jsc.nasa.gov/sseop/images/ESC/small/ISS001/ISS001-E-6634.JPG,http://eol.jsc.nasa.gov/sseop/images/ESC/large/ISS001/ISS001-E-6634.JPG
ISS001-E-6635,-10.3,-100.9,http://eol.jsc.nasa.gov/sseop/images/ESC/small/ISS001/ISS001-E-6635.JPG,http://eol.jsc.nasa.gov/sseop/images/ESC/large/ISS001/ISS001-E-6635.JPG
ISS001-E-6636,-11.9,-99.7,http://eol.jsc.nasa.gov/sseop/images/ESC/small/ISS001/ISS001-E-6636.JPG,http://eol.jsc.nasa.gov/sseop/images/ESC/large/ISS001/ISS001-E-6636.JPG
ISS001-E-6637,-12.8,-99.0,http://eol.jsc.nasa.gov/sseop/images/ESC/small/ISS001/ISS001-E-6637.JPG,http://eol.jsc.nasa.gov/sseop/images/ESC/large/ISS001/ISS001-E-6637.JPG
ISS001-E-6638,-20.5,-92.9,http://eol.jsc.nasa.gov/sseop/images/ESC/small/ISS001/ISS001-E-6638.JPG,http://eol.jsc.nasa.gov/sseop/images/ESC/large/ISS001/ISS001-E-6638.JPG
ISS001-E-6639,36.1,6.4,http://eol.jsc.nasa.gov/sseop/images/ESC/small/ISS001/ISS001-E-6639.JPG,http://eol.jsc.nasa.gov/sseop/images/ESC/large/ISS001/ISS001-E-6639.JPG
ISS001-E-6643,51.0,24.5,http://eol.jsc.nasa.gov/sseop/images/ESC/small/ISS001/ISS001-E-6643.JPG,http://eol.jsc.nasa.gov/sseop/images/ESC/large/ISS001/ISS001-E-6643.JPG
ISS001-E-6644,50.5,28.5,http://eol.jsc.nasa.gov/sseop/images/ESC/small/ISS001/ISS001-E-6644.JPG,http://eol.jsc.nasa.gov/sseop/images/ESC/large/ISS001/ISS001-E-6644.JPG
ISS001-E-6645,50.0,-39.4,http://eol.jsc.nasa.gov/sseop/images/ESC/small/ISS001/ISS001-E-6645.JPG,http://eol.jsc.nasa.gov/sseop/images/ESC/large/ISS001/ISS001-E-6645.JPG
ISS001-E-6647,44.0,76.3,http://eol.jsc.nasa.gov/sseop/images/ESC/small/ISS001/ISS001-E-6647.JPG,http://eol.jsc.nasa.gov/sseop/images/ESC/large/ISS001/ISS001-E-6647.JPG
ISS001-E-6648,44.2,76.8,http://eol.jsc.nasa.gov/sseop/images/ESC/small/ISS001/ISS001-E-6648.JPG,http://eol.jsc.nasa.gov/sseop/images/ESC/large/ISS001/ISS001-E-6648.JPG
ISS001-E-6649,49.4,92.0,http://eol.jsc.nasa.gov/sseop/images/ESC/small/ISS001/ISS001-E-6649.JPG,http://eol.jsc.nasa.gov/sseop/images/ESC/large/ISS001/ISS001-E-6649.JPG
ISS001-E-6650,49.4,92.3,http://eol.jsc.nasa.gov/sseop/images/ESC/small/ISS001/ISS001-E-6650.JPG,http://eol.jsc.nasa.gov/sseop/images/ESC/large/ISS001/ISS001-E-6650.JPG
ISS001-E-6651,49.8,94.0,http://eol.jsc.nasa.gov/sseop/images/ESC/small/ISS001/ISS001-E-6651.JPG,http://eol.jsc.nasa.gov/sseop/images/ESC/large/ISS001/ISS001-E-6651.JPG
ISS001-E-6652,-21.1,-145.0,http://eol.jsc.nasa.gov/sseop/images/ESC/small/ISS001/ISS001-E-6652.JPG,http://eol.jsc.nasa.gov/sseop/images/ESC/large/ISS001/ISS001-E-6652.JPG
ISS001-E-6653,23.6,24.8,http://eol.jsc.nasa.gov/sseop/images/ESC/small/ISS001/ISS001-E-6653.JPG,http://eol.jsc.nasa.gov/sseop/images/ESC/large/ISS001/ISS001-E-6653.JPG
ISS001-E-6654,38.4,-89.1,http://eol.jsc.nasa.gov/sseop/images/ESC/small/ISS001/ISS001-E-6654.JPG,http://eol.jsc.nasa.gov/sseop/images/ESC/large/ISS001/ISS001-E-6654.JPG
ISS001-E-6655,38.9,-88.4,http://eol.jsc.nasa.gov/sseop/images/ESC/small/ISS001/ISS001-E-6655.JPG,http://eol.jsc.nasa.gov/sseop/images/ESC/large/ISS001/ISS001-E-6655.JPG
ISS001-E-6656,40.5,-85.7,http://eol.jsc.nasa.gov/sseop/images/ESC/small/ISS001/ISS001-E-6656.JPG,http://eol.jsc.nasa.gov/sseop/images/ESC/large/ISS001/ISS001-E-6656.JPG
ISS001-E-6657,41.2,-84.5,http://eol.jsc.nasa.gov/sseop/images/ESC/small/ISS001/ISS001-E-6657.JPG,http://eol.jsc.nasa.gov/sseop/images/ESC/large/ISS001/ISS001-E-6657.JPG
ISS001-E-6658,41.7,-83.5,http://eol.jsc.nasa.gov/sseop/images/ESC/small/ISS001/ISS001-E-6658.JPG,http://eol.jsc.nasa.gov/sseop/images/ESC/large/ISS001/ISS001-E-6658.JPG
ISS001-E-6659,36.5,-115.2,http://eol.jsc.nasa.gov/sseop/images/ESC/small/ISS001/ISS001-E-6659.JPG,http://eol.jsc.nasa.gov/sseop/images/ESC/large/ISS001/ISS001-E-6659.JPG
ISS001-E-6660,37.4,-114.0,http://eol.jsc.nasa.gov/sseop/images/ESC/small/ISS001/ISS001-E-6660.JPG,http://eol.jsc.nasa.gov/sseop/images/ESC/large/ISS001/ISS001-E-6660.JPG
ISS001-E-6661,37.9,-113.3,http://eol.jsc.nasa.gov/sseop/images/ESC/small/ISS001/ISS001-E-6661.JPG,http://eol.jsc.nasa.gov/sseop/images/ESC/large/ISS001/ISS001-E-6661.JPG
ISS001-E-6662,39.1,-111.4,http://eol.jsc.nasa.gov/sseop/images/ESC/small/ISS001/ISS001-E-6662.JPG,http://eol.jsc.nasa.gov/sseop/images/ESC/large/ISS001/ISS001-E-6662.JPG
ISS001-E-6663,8.0,14.7,http://eol.jsc.nasa.gov/sseop/images/ESC/small/ISS001/ISS001-E-6663.JPG,http://eol.jsc.nasa.gov/sseop/images/ESC/large/ISS001/ISS001-E-6663.JPG
ISS001-E-6664,21.1,-155.4,http://eol.jsc.nasa.gov/sseop/images/ESC/small/ISS001/ISS001-E-6664.JPG,http://eol.jsc.nasa.gov/sseop/images/ESC/large/ISS001/ISS001-E-6664.JPG
ISS001-E-6665,51.6,103.8,http://eol.jsc.nasa.gov/sseop/images/ESC/small/ISS001/ISS001-E-6665.JPG,http://eol.jsc.nasa.gov/sseop/images/ESC/large/ISS001/ISS001-E-6665.JPG
ISS001-E-6666,51.7,104.9,http://eol.jsc.nasa.gov/sseop/images/ESC/small/ISS001/ISS001-E-6666.JPG,http://eol.jsc.nasa.gov/sseop/images/ESC/large/ISS001/ISS001-E-6666.JPG
ISS001-E-6667,36.8,10.8,http://eol.jsc.nasa.gov/sseop/images/ESC/small/ISS001/ISS001-E-6667.JPG,http://eol.jsc.nasa.gov/sseop/images/ESC/large/ISS001/ISS001-E-6667.JPG
ISS001-E-6668,38.2,13.0,http://eol.jsc.nasa.gov/sseop/images/ESC/small/ISS001/ISS001-E-6668.JPG,http://eol.jsc.nasa.gov/sseop/images/ESC/large/ISS001/ISS001-E-6668.JPG
ISS001-E-6669,38.5,13.4,http://eol.jsc.nasa.gov/sseop/images/ESC/small/ISS001/ISS001-E-6669.JPG,http://eol.jsc.nasa.gov/sseop/images/ESC/large/ISS001/ISS001-E-6669.JPG
ISS001-E-6670,47.4,32.4,http://eol.jsc.nasa.gov/sseop/images/ESC/small/ISS001/ISS001-E-6670.JPG,http://eol.jsc.nasa.gov/sseop/images/ESC/large/ISS001/ISS001-E-6670.JPG
ISS001-E-6671,47.5,32.7,http://eol.jsc.nasa.gov/sseop/images/ESC/small/ISS001/ISS001-E-6671.JPG,http://eol.jsc.nasa.gov/sseop/images/ESC/large/ISS001/ISS001-E-6671.JPG
ISS001-E-6673,48.6,36.6,http://eol.jsc.nasa.gov/sseop/images/ESC/small/ISS001/ISS001-E-6673.JPG,http://eol.jsc.nasa.gov/sseop/images/ESC/large/ISS001/ISS001-E-6673.JPG
ISS001-E-6675,27.3,-94.1,http://eol.jsc.nasa.gov/sseop/images/ESC/small/ISS001/ISS001-E-6675.JPG,http://eol.jsc.nasa.gov/sseop/images/ESC/large/ISS001/ISS001-E-6675.JPG
ISS001-E-6676,28.5,-92.9,http://eol.jsc.nasa.gov/sseop/images/ESC/small/ISS001/ISS001-E-6676.JPG,http://eol.jsc.nasa.gov/sseop/images/ESC/large/ISS001/ISS001-E-6676.JPG
ISS001-E-6677,29.4,-91.8,http://eol.jsc.nasa.gov/sseop/images/ESC/small/ISS001/ISS001-E-6677.JPG,http://eol.jsc.nasa.gov/sseop/images/ESC/large/ISS001/ISS001-E-6677.JPG
ISS001-E-6678,10.8,44.8,http://eol.jsc.nasa.gov/sseop/images/ESC/small/ISS001/ISS001-E-6678.JPG,http://eol.jsc.nasa.gov/sseop/images/ESC/large/ISS001/ISS001-E-6678.JPG
ISS001-E-6679,9.9,45.5,http://eol.jsc.nasa.gov/sseop/images/ESC/small/ISS001/ISS001-E-6679.JPG,http://eol.jsc.nasa.gov/sseop/images/ESC/large/ISS001/ISS001-E-6679.JPG
ISS001-E-6680,44.6,10.0,http://eol.jsc.nasa.gov/sseop/images/ESC/small/ISS001/ISS001-E-6680.JPG,http://eol.jsc.nasa.gov/sseop/images/ESC/large/ISS001/ISS001-E-6680.JPG
ISS001-E-6683,35.5,-5.6,http://eol.jsc.nasa.gov/sseop/images/ESC/small/ISS001/ISS001-E-6683.JPG,http://eol.jsc.nasa.gov/sseop/images/ESC/large/ISS001/ISS001-E-6683.JPG
ISS001-E-6684,35.9,-5.2,http://eol.jsc.nasa.gov/sseop/images/ESC/small/ISS001/ISS001-E-6684.JPG,http://eol.jsc.nasa.gov/sseop/images/ESC/large/ISS001/ISS001-E-6684.JPG
ISS001-E-6686,35.2,-6.0,http://eol.jsc.nasa.gov/sseop/images/ESC/small/ISS001/ISS001-E-6686.JPG,http://eol.jsc.nasa.gov/sseop/images/ESC/large/ISS001/ISS001-E-6686.JPG
ISS001-E-6687,35.4,-5.8,http://eol.jsc.nasa.gov/sseop/images/ESC/small/ISS001/ISS001-E-6687.JPG,http://eol.jsc.nasa.gov/sseop/images/ESC/large/ISS001/ISS001-E-6687.JPG
ISS001-E-6688,35.7,-5.4,http://eol.jsc.nasa.gov/sseop/images/ESC/small/ISS001/ISS001-E-6688.JPG,http://eol.jsc.nasa.gov/sseop/images/ESC/large/ISS001/ISS001-E-6688.JPG
ISS001-E-6690,45.0,11.1,http://eol.jsc.nasa.gov/sseop/images/ESC/small/ISS001/ISS001-E-6690.JPG,http://eol.jsc.nasa.gov/sseop/images/ESC/large/ISS001/ISS001-E-6690.JPG
ISS001-E-6691,45.4,12.0,http://eol.jsc.nasa.gov/sseop/images/ESC/small/ISS001/ISS001-E-6691.JPG,http://eol.jsc.nasa.gov/sseop/images/ESC/large/ISS001/ISS001-E-6691.JPG
ISS001-E-6692,45.5,12.3,http://eol.jsc.nasa.gov/sseop/images/ESC/small/ISS001/ISS001-E-6692.JPG,http://eol.jsc.nasa.gov/sseop/images/ESC/large/ISS001/ISS001-E-6692.JPG
ISS001-E-6693,46.4,14.7,http://eol.jsc.nasa.gov/sseop/images/ESC/small/ISS001/ISS001-E-6693.JPG,http://eol.jsc.nasa.gov/sseop/images/ESC/large/ISS001/ISS001-E-6693.JPG
ISS001-E-6694,51.4,39.4,http://eol.jsc.nasa.gov/sseop/images/ESC/small/ISS001/ISS001-E-6694.JPG,http://eol.jsc.nasa.gov/sseop/images/ESC/large/ISS001/ISS001-E-6694.JPG
ISS001-E-6695,51.5,16.2,http://eol.jsc.nasa.gov/sseop/images/ESC/small/ISS001/ISS001-E-6695.JPG,http://eol.jsc.nasa.gov/sseop/images/ESC/large/ISS001/ISS001-E-6695.JPG
ISS001-E-6696,27.6,-99.8,http://eol.jsc.nasa.gov/sseop/images/ESC/small/ISS001/ISS001-E-6696.JPG,http://eol.jsc.nasa.gov/sseop/images/ESC/large/ISS001/ISS001-E-6696.JPG
ISS001-E-6697,28.2,-99.2,http://eol.jsc.nasa.gov/sseop/images/ESC/small/ISS001/ISS001-E-6697.JPG,http://eol.jsc.nasa.gov/sseop/images/ESC/large/ISS001/ISS001-E-6697.JPG
ISS001-E-6698,26.7,-100.7,http://eol.jsc.nasa.gov/sseop/images/ESC/small/ISS001/ISS001-E-6698.JPG,http://eol.jsc.nasa.gov/sseop/images/ESC/large/ISS001/ISS001-E-6698.JPG
ISS001-E-6699,26.8,-100.6,http://eol.jsc.nasa.gov/sseop/images/ESC/small/ISS001/ISS001-E-6699.JPG,http://eol.jsc.nasa.gov/sseop/images/ESC/large/ISS001/ISS001-E-6699.JPG
ISS001-E-6701,44.9,-120.7,http://eol.jsc.nasa.gov/sseop/images/ESC/small/ISS001/ISS001-E-6701.JPG,http://eol.jsc.nasa.gov/sseop/images/ESC/large/ISS001/ISS001-E-6701.JPG
ISS001-E-6709,40.4,28.7,http://eol.jsc.nasa.gov/sseop/images/ESC/small/ISS001/ISS001-E-6709.JPG,http://eol.jsc.nasa.gov/sseop/images/ESC/large/ISS001/ISS001-E-6709.JPG
ISS001-E-6763,50.8,-99.7,http://eol.jsc.nasa.gov/sseop/images/ESC/small/ISS001/ISS001-E-6763.JPG,http://eol.jsc.nasa.gov/sseop/images/ESC/large/ISS001/ISS001-E-6763.JPG
ISS001-E-6764,-11.9,17.5,http://eol.jsc.nasa.gov/sseop/images/ESC/small/ISS001/ISS001-E-6764.JPG,http://eol.jsc.nasa.gov/sseop/images/ESC/large/ISS001/ISS001-E-6764.JPG
ISS001-E-6766,-44.5,-137.5,http://eol.jsc.nasa.gov/sseop/images/ESC/small/ISS001/ISS001-E-6766.JPG,http://eol.jsc.nasa.gov/sseop/images/ESC/large/ISS001/ISS001-E-6766.JPG
ISS001-E-6769,8.4,131.2,http://eol.jsc.nasa.gov/sseop/images/ESC/small/ISS001/ISS001-E-6769.JPG,http://eol.jsc.nasa.gov/sseop/images/ESC/large/ISS001/ISS001-E-6769.JPG
ISS001-E-6770,9.1,131.8,http://eol.jsc.nasa.gov/sseop/images/ESC/small/ISS001/ISS001-E-6770.JPG,http://eol.jsc.nasa.gov/sseop/images/ESC/large/ISS001/ISS001-E-6770.JPG
ISS001-E-6771,39.8,-96.9,http://eol.jsc.nasa.gov/sseop/images/ESC/small/ISS001/ISS001-E-6771.JPG,http://eol.jsc.nasa.gov/sseop/images/ESC/large/ISS001/ISS001-E-6771.JPG
ISS001-E-6772,39.5,-96.3,http://eol.jsc.nasa.gov/sseop/images/ESC/small/ISS001/ISS001-E-6772.JPG,http://eol.jsc.nasa.gov/sseop/images/ESC/large/ISS001/ISS001-E-6772.JPG
ISS001-E-6773,38.4,-94.7,http://eol.jsc.nasa.gov/sseop/images/ESC/small/ISS001/ISS001-E-6773.JPG,http://eol.jsc.nasa.gov/sseop/images/ESC/large/ISS001/ISS001-E-6773.JPG
ISS001-E-6777,30.5,-130.7,http://eol.jsc.nasa.gov/sseop/images/ESC/small/ISS001/ISS001-E-6777.JPG,http://eol.jsc.nasa.gov/sseop/images/ESC/large/ISS001/ISS001-E-6777.JPG
ISS001-E-6779,-51.3,16.9,http://eol.jsc.nasa.gov/sseop/images/ESC/small/ISS001/ISS001-E-6779.JPG,http://eol.jsc.nasa.gov/sseop/images/ESC/large/ISS001/ISS001-E-6779.JPG
ISS001-E-6780,-51.5,18.7,http://eol.jsc.nasa.gov/sseop/images/ESC/small/ISS001/ISS001-E-6780.JPG,http://eol.jsc.nasa.gov/sseop/images/ESC/large/ISS001/ISS001-E-6780.JPG
ISS001-E-6781,-51.6,20.5,http://eol.jsc.nasa.gov/sseop/images/ESC/small/ISS001/ISS001-E-6781.JPG,http://eol.jsc.nasa.gov/sseop/images/ESC/large/ISS001/ISS001-E-6781.JPG
ISS001-E-6782,-51.7,29.8,http://eol.jsc.nasa.gov/sseop/images/ESC/small/ISS001/ISS001-E-6782.JPG,http://eol.jsc.nasa.gov/sseop/images/ESC/large/ISS001/ISS001-E-6782.JPG
ISS001-E-6783,-51.6,32.2,http://eol.jsc.nasa.gov/sseop/images/ESC/small/ISS001/ISS001-E-6783.JPG,http://eol.jsc.nasa.gov/sseop/images/ESC/large/ISS001/ISS001-E-6783.JPG
ISS001-E-6785,34.1,140.2,http://eol.jsc.nasa.gov/sseop/images/ESC/small/ISS001/ISS001-E-6785.JPG,http://eol.jsc.nasa.gov/sseop/images/ESC/large/ISS001/ISS001-E-6785.JPG
ISS001-E-6786,49.1,-6.5,http://eol.jsc.nasa.gov/sseop/images/ESC/small/ISS001/ISS001-E-6786.JPG,http://eol.jsc.nasa.gov/sseop/images/ESC/large/ISS001/ISS001-E-6786.JPG
ISS001-E-6787,48.9,-5.5,http://eol.jsc.nasa.gov/sseop/images/ESC/small/ISS001/ISS001-E-6787.JPG,http://eol.jsc.nasa.gov/sseop/images/ESC/large/ISS001/ISS001-E-6787.JPG
ISS001-E-6789,28.3,-114.5,http://eol.jsc.nasa.gov/sseop/images/ESC/small/ISS001/ISS001-E-6789.JPG,http://eol.jsc.nasa.gov/sseop/images/ESC/large/ISS001/ISS001-E-6789.JPG
ISS001-E-6790,29.9,-112.9,http://eol.jsc.nasa.gov/sseop/images/ESC/small/ISS001/ISS001-E-6790.JPG,http://eol.jsc.nasa.gov/sseop/images/ESC/large/ISS001/ISS001-E-6790.JPG
ISS001-E-6791,28.6,-114.2,http://eol.jsc.nasa.gov/sseop/images/ESC/small/ISS001/ISS001-E-6791.JPG,http://eol.jsc.nasa.gov/sseop/images/ESC/large/ISS001/ISS001-E-6791.JPG
ISS001-E-6793,30.1,-112.6,http://eol.jsc.nasa.gov/sseop/images/ESC/small/ISS001/ISS001-E-6793.JPG,http://eol.jsc.nasa.gov/sseop/images/ESC/large/ISS001/ISS001-E-6793.JPG
ISS001-E-6794,26.6,18.7,http://eol.jsc.nasa.gov/sseop/images/ESC/small/ISS001/ISS001-E-6794.JPG,http://eol.jsc.nasa.gov/sseop/images/ESC/large/ISS001/ISS001-E-6794.JPG
ISS001-E-6795,21.8,-112.0,http://eol.jsc.nasa.gov/sseop/images/ESC/small/ISS001/ISS001-E-6795.JPG,http://eol.jsc.nasa.gov/sseop/images/ESC/large/ISS001/ISS001-E-6795.JPG
ISS001-E-6796,22.5,-111.4,http://eol.jsc.nasa.gov/sseop/images/ESC/small/ISS001/ISS001-E-6796.JPG,http://eol.jsc.nasa.gov/sseop/images/ESC/large/ISS001/ISS001-E-6796.JPG
ISS001-E-6797,22.9,-111.0,http://eol.jsc.nasa.gov/sseop/images/ESC/small/ISS001/ISS001-E-6797.JPG,http://eol.jsc.nasa.gov/sseop/images/ESC/large/ISS001/ISS001-E-6797.JPG
ISS001-E-6802,44.8,44.7,http://eol.jsc.nasa.gov/sseop/images/ESC/small/ISS001/ISS001-E-6802.JPG,http://eol.jsc.nasa.gov/sseop/images/ESC/large/ISS001/ISS001-E-6802.JPG
ISS001-E-6805,-32.7,125.5,http://eol.jsc.nasa.gov/sseop/images/ESC/small/ISS001/ISS001-E-6805.JPG,http://eol.jsc.nasa.gov/sseop/images/ESC/large/ISS001/ISS001-E-6805.JPG
ISS001-E-6806,-33.4,126.4,http://eol.jsc.nasa.gov/sseop/images/ESC/small/ISS001/ISS001-E-6806.JPG,http://eol.jsc.nasa.gov/sseop/images/ESC/large/ISS001/ISS001-E-6806.JPG
ISS001-E-6807,-34.6,127.8,http://eol.jsc.nasa.gov/sseop/images/ESC/small/ISS001/ISS001-E-6807.JPG,http://eol.jsc.nasa.gov/sseop/images/ESC/large/ISS001/ISS001-E-6807.JPG
ISS001-E-6808,51.7,21.2,http://eol.jsc.nasa.gov/sseop/images/ESC/small/ISS001/ISS001-E-6808.JPG,http://eol.jsc.nasa.gov/sseop/images/ESC/large/ISS001/ISS001-E-6808.JPG
ISS001-E-6809,29.8,-86.2,http://eol.jsc.nasa.gov/sseop/images/ESC/small/ISS001/ISS001-E-6809.JPG,http://eol.jsc.nasa.gov/sseop/images/ESC/large/ISS001/ISS001-E-6809.JPG
ISS001-E-6810,30.1,-85.9,http://eol.jsc.nasa.gov/sseop/images/ESC/small/ISS001/ISS001-E-6810.JPG,http://eol.jsc.nasa.gov/sseop/images/ESC/large/ISS001/ISS001-E-6810.JPG
ISS001-E-6811,30.5,-85.5,http://eol.jsc.nasa.gov/sseop/images/ESC/small/ISS001/ISS001-E-6811.JPG,http://eol.jsc.nasa.gov/sseop/images/ESC/large/ISS001/ISS001-E-6811.JPG
ISS001-E-6812,30.7,-85.3,http://eol.jsc.nasa.gov/sseop/images/ESC/small/ISS001/ISS001-E-6812.JPG,http://eol.jsc.nasa.gov/sseop/images/ESC/large/ISS001/ISS001-E-6812.JPG
ISS001-E-6813,31.6,-84.2,http://eol.jsc.nasa.gov/sseop/images/ESC/small/ISS001/ISS001-E-6813.JPG,http://eol.jsc.nasa.gov/sseop/images/ESC/large/ISS001/ISS001-E-6813.JPG
ISS001-E-6816,15.5,-90.5,http://eol.jsc.nasa.gov/sseop/images/ESC/small/ISS001/ISS001-E-6816.JPG,http://eol.jsc.nasa.gov/sseop/images/ESC/large/ISS001/ISS001-E-6816.JPG
ISS001-E-6817,16.6,-89.6,http://eol.jsc.nasa.gov/sseop/images/ESC/small/ISS001/ISS001-E-6817.JPG,http://eol.jsc.nasa.gov/sseop/images/ESC/large/ISS001/ISS001-E-6817.JPG
ISS001-E-6818,18.2,-88.3,http://eol.jsc.nasa.gov/sseop/images/ESC/small/ISS001/ISS001-E-6818.JPG,http://eol.jsc.nasa.gov/sseop/images/ESC/large/ISS001/ISS001-E-6818.JPG
ISS001-E-6819,15.4,-90.6,http://eol.jsc.nasa.gov/sseop/images/ESC/small/ISS001/ISS001-E-6819.JPG,http://eol.jsc.nasa.gov/sseop/images/ESC/large/ISS001/ISS001-E-6819.JPG
ISS001-E-6820,24.8,-105.9,http://eol.jsc.nasa.gov/sseop/images/ESC/small/ISS001/ISS001-E-6820.JPG,http://eol.jsc.nasa.gov/sseop/images/ESC/large/ISS001/ISS001-E-6820.JPG
ISS001-E-6821,25.0,-105.8,http://eol.jsc.nasa.gov/sseop/images/ESC/small/ISS001/ISS001-E-6821.JPG,http://eol.jsc.nasa.gov/sseop/images/ESC/large/ISS001/ISS001-E-6821.JPG
ISS001-E-6822,22.8,-107.8,http://eol.jsc.nasa.gov/sseop/images/ESC/small/ISS001/ISS001-E-6822.JPG,http://eol.jsc.nasa.gov/sseop/images/ESC/large/ISS001/ISS001-E-6822.JPG
ISS001-E-6823,23.0,-107.6,http://eol.jsc.nasa.gov/sseop/images/ESC/small/ISS001/ISS001-E-6823.JPG,http://eol.jsc.nasa.gov/sseop/images/ESC/large/ISS001/ISS001-E-6823.JPG
ISS001-E-6826,29.2,-125.0,http://eol.jsc.nasa.gov/sseop/images/ESC/small/ISS001/ISS001-E-6826.JPG,http://eol.jsc.nasa.gov/sseop/images/ESC/large/ISS001/ISS001-E-6826.JPG
ISS001-E-6827,39.6,-111.4,http://eol.jsc.nasa.gov/sseop/images/ESC/small/ISS001/ISS001-E-6827.JPG,http://eol.jsc.nasa.gov/sseop/images/ESC/large/ISS001/ISS001-E-6827.JPG
ISS001-E-6829,5.1,119.6,http://eol.jsc.nasa.gov/sseop/images/ESC/small/ISS001/ISS001-E-6829.JPG,http://eol.jsc.nasa.gov/sseop/images/ESC/large/ISS001/ISS001-E-6829.JPG
ISS001-E-6830,4.7,119.9,http://eol.jsc.nasa.gov/sseop/images/ESC/small/ISS001/ISS001-E-6830.JPG,http://eol.jsc.nasa.gov/sseop/images/ESC/large/ISS001/ISS001-E-6830.JPG
ISS001-E-6831,-5.8,127.4,http://eol.jsc.nasa.gov/sseop/images/ESC/small/ISS001/ISS001-E-6831.JPG,http://eol.jsc.nasa.gov/sseop/images/ESC/large/ISS001/ISS001-E-6831.JPG
ISS001-E-6832,51.1,27.3,http://eol.jsc.nasa.gov/sseop/images/ESC/small/ISS001/ISS001-E-6832.JPG,http://eol.jsc.nasa.gov/sseop/images/ESC/large/ISS001/ISS001-E-6832.JPG
ISS001-E-6833,50.4,22.1,http://eol.jsc.nasa.gov/sseop/images/ESC/small/ISS001/ISS001-E-6833.JPG,http://eol.jsc.nasa.gov/sseop/images/ESC/large/ISS001/ISS001-E-6833.JPG
ISS001-E-6834,51.0,28.4,http://eol.jsc.nasa.gov/sseop/images/ESC/small/ISS001/ISS001-E-6834.JPG,http://eol.jsc.nasa.gov/sseop/images/ESC/large/ISS001/ISS001-E-6834.JPG
ISS001-E-6835,50.2,33.6,http://eol.jsc.nasa.gov/sseop/images/ESC/small/ISS001/ISS001-E-6835.JPG,http://eol.jsc.nasa.gov/sseop/images/ESC/large/ISS001/ISS001-E-6835.JPG
ISS001-E-6836,50.1,34.3,http://eol.jsc.nasa.gov/sseop/images/ESC/small/ISS001/ISS001-E-6836.JPG,http://eol.jsc.nasa.gov/sseop/images/ESC/large/ISS001/ISS001-E-6836.JPG
ISS001-E-6837,45.9,26.3,http://eol.jsc.nasa.gov/sseop/images/ESC/small/ISS001/ISS001-E-6837.JPG,http://eol.jsc.nasa.gov/sseop/images/ESC/large/ISS001/ISS001-E-6837.JPG
ISS001-E-6838,45.8,26.4,http://eol.jsc.nasa.gov/sseop/images/ESC/small/ISS001/ISS001-E-6838.JPG,http://eol.jsc.nasa.gov/sseop/images/ESC/large/ISS001/ISS001-E-6838.JPG
ISS001-E-6839,-36.1,108.5,http://eol.jsc.nasa.gov/sseop/images/ESC/small/ISS001/ISS001-E-6839.JPG,http://eol.jsc.nasa.gov/sseop/images/ESC/large/ISS001/ISS001-E-6839.JPG
ISS001-E-6840,45.4,27.6,http://eol.jsc.nasa.gov/sseop/images/ESC/small/ISS001/ISS001-E-6840.JPG,http://eol.jsc.nasa.gov/sseop/images/ESC/large/ISS001/ISS001-E-6840.JPG
ISS001-E-6841,45.1,28.3,http://eol.jsc.nasa.gov/sseop/images/ESC/small/ISS001/ISS001-E-6841.JPG,http://eol.jsc.nasa.gov/sseop/images/ESC/large/ISS001/ISS001-E-6841.JPG
ISS001-E-6843,51.3,81.3,http://eol.jsc.nasa.gov/sseop/images/ESC/small/ISS001/ISS001-E-6843.JPG,http://eol.jsc.nasa.gov/sseop/images/ESC/large/ISS001/ISS001-E-6843.JPG
ISS001-E-6844,51.1,83.2,http://eol.jsc.nasa.gov/sseop/images/ESC/small/ISS001/ISS001-E-6844.JPG,http://eol.jsc.nasa.gov/sseop/images/ESC/large/ISS001/ISS001-E-6844.JPG
ISS001-E-6849,-39.2,98.5,http://eol.jsc.nasa.gov/sseop/images/ESC/small/ISS001/ISS001-E-6849.JPG,http://eol.jsc.nasa.gov/sseop/images/ESC/large/ISS001/ISS001-E-6849.JPG
ISS001-E-6850,51.3,21.8,http://eol.jsc.nasa.gov/sseop/images/ESC/small/ISS001/ISS001-E-6850.JPG,http://eol.jsc.nasa.gov/sseop/images/ESC/large/ISS001/ISS001-E-6850.JPG
ISS001-E-6851,51.4,23.9,http://eol.jsc.nasa.gov/sseop/images/ESC/small/ISS001/ISS001-E-6851.JPG,http://eol.jsc.nasa.gov/sseop/images/ESC/large/ISS001/ISS001-E-6851.JPG
ISS001-E-6856,-23.4,112.3,http://eol.jsc.nasa.gov/sseop/images/ESC/small/ISS001/ISS001-E-6856.JPG,http://eol.jsc.nasa.gov/sseop/images/ESC/large/ISS001/ISS001-E-6856.JPG
ISS001-E-6857,-25.0,113.8,http://eol.jsc.nasa.gov/sseop/images/ESC/small/ISS001/ISS001-E-6857.JPG,http://eol.jsc.nasa.gov/sseop/images/ESC/large/ISS001/ISS001-E-6857.JPG
ISS001-E-6858,2.3,-144.4,http://eol.jsc.nasa.gov/sseop/images/ESC/small/ISS001/ISS001-E-6858.JPG,http://eol.jsc.nasa.gov/sseop/images/ESC/large/ISS001/ISS001-E-6858.JPG
ISS001-E-6859,3.5,-143.5,http://eol.jsc.nasa.gov/sseop/images/ESC/small/ISS001/ISS001-E-6859.JPG,http://eol.jsc.nasa.gov/sseop/images/ESC/large/ISS001/ISS001-E-6859.JPG
ISS001-E-6860,-26.3,124.0,http://eol.jsc.nasa.gov/sseop/images/ESC/small/ISS001/ISS001-E-6860.JPG,http://eol.jsc.nasa.gov/sseop/images/ESC/large/ISS001/ISS001-E-6860.JPG
ISS001-E-6861,-26.6,124.3,http://eol.jsc.nasa.gov/sseop/images/ESC/small/ISS001/ISS001-E-6861.JPG,http://eol.jsc.nasa.gov/sseop/images/ESC/large/ISS001/ISS001-E-6861.JPG
ISS001-E-6862,-27.4,125.1,http://eol.jsc.nasa.gov/sseop/images/ESC/small/ISS001/ISS001-E-6862.JPG,http://eol.jsc.nasa.gov/sseop/images/ESC/large/ISS001/ISS001-E-6862.JPG
ISS001-E-6863,-28.5,126.2,http://eol.jsc.nasa.gov/sseop/images/ESC/small/ISS001/ISS001-E-6863.JPG,http://eol.jsc.nasa.gov/sseop/images/ESC/large/ISS001/ISS001-E-6863.JPG
ISS001-E-6864,27.1,-92.4,http://eol.jsc.nasa.gov/sseop/images/ESC/small/ISS001/ISS001-E-6864.JPG,http://eol.jsc.nasa.gov/sseop/images/ESC/large/ISS001/ISS001-E-6864.JPG
ISS001-E-6865,27.6,-91.8,http://eol.jsc.nasa.gov/sseop/images/ESC/small/ISS001/ISS001-E-6865.JPG,http://eol.jsc.nasa.gov/sseop/images/ESC/large/ISS001/ISS001-E-6865.JPG